season,team,offense_completion_percentage,offense_total_yards_gained_pass,offense_total_yards_gained_run,offense_ave_yards_gained_pass,offense_ave_yards_gained_run,offense_n_plays_pass,offense_n_plays_run,offense_n_interceptions,offense_n_fumbles_lost_pass,offense_n_fumbles_lost_run,offense_total_epa_pass,offense_total_epa_run,offense_ave_epa_pass,offense_ave_epa_run,offense_total_wpa_pass,offense_total_wpa_run,offense_ave_wpa_pass,offense_ave_wpa_run,offense_success_rate_pass,offense_success_rate_run,defense_completion_percentage,defense_total_yards_gained_pass,defense_total_yards_gained_run,defense_ave_yards_gained_pass,defense_ave_yards_gained_run,defense_n_plays_pass,defense_n_plays_run,defense_n_interceptions,defense_n_fumbles_lost_pass,defense_n_fumbles_lost_run,defense_total_epa_pass,defense_total_epa_run,defense_ave_epa_pass,defense_ave_epa_run,defense_total_wpa_pass,defense_total_wpa_run,defense_ave_wpa_pass,defense_ave_wpa_run,defense_success_rate_pass,defense_success_rate_run,points_scored,points_allowed,wins,losses,ties,score_differential
1999,ARI,0.477462437,2796,1209,4.667779633,3.1484375,599,384,28,4,5,-121.9738973,-71.17154579,-0.203629211,-0.185342567,-3.528762914,-2.196875261,-0.00589109,-0.005721029,0.358931553,0.34375,0.557251908,3143,2258,5.998091603,4.350674374,524,519,17,5,3,-8.645207406,4.92799699,-0.016498487,0.009495177,-2.161615308,-0.336979386,-0.00412522,-0.000649,0.421755725,0.414258189,245,382,6,10,0,-137
1999,ATL,0.503663004,3317,1176,6.075091575,3.195652174,546,368,18,7,6,-27.66662907,-78.8831732,-0.050671482,-0.214356449,-1.867335725,-1.88291411,-0.003420029,-0.005116614,0.402930403,0.328804348,0.541082164,3129,2057,6.270541082,4.285416667,499,480,11,1,4,25.42130326,-22.01432202,0.050944496,-0.045863171,-0.337427632,-0.817869782,-0.000676,-0.001703895,0.402805611,0.38125,285,380,5,11,0,-95
1999,BAL,0.452079566,2805,1663,5.072332731,4.126550868,553,403,18,9,2,-97.07765957,-35.46113043,-0.175547305,-0.087992879,-2.554213483,-2.126050616,-0.004618831,-0.00527556,0.34358047,0.369727047,0.494915254,2647,1112,4.486440678,3.132394366,590,355,19,4,1,-101.9682127,-61.29538366,-0.172827479,-0.172663053,-2.628819919,-1.917301566,-0.004455627,-0.005400849,0.357627119,0.318309859,324,277,8,8,0,47
1999,BUF,0.540489642,3275,2038,6.167608286,4.125506073,531,494,14,5,6,24.7048309,-45.29295301,0.046525105,-0.09168614,-0.268737712,-1.089347035,-0.000506,-0.002205156,0.43126177,0.370445344,0.497217069,2669,1342,4.951762523,3.41475827,539,393,12,4,5,-82.65620902,-70.35566491,-0.153351037,-0.179022048,-2.511908533,-2.1430801,-0.004660313,-0.00545313,0.352504638,0.320610687,320,229,11,5,0,91
1999,CAR,0.551612903,4144,1484,6.683870968,4.289017341,620,346,14,7,7,67.95987819,-56.79683161,0.109612707,-0.164152693,-1.787592714,-1.176117334,-0.002883214,-0.003399183,0.459677419,0.346820809,0.549319728,3519,1871,5.984693878,4.351162791,588,430,15,8,1,29.27005499,21.78517496,0.049779005,0.050663198,-0.085239139,0.063879024,-0.000145,0.000148556,0.452380952,0.41627907,421,381,8,8,0,40
1999,CHI,0.561181435,4090,1359,5.752461322,3.548302872,711,383,20,9,5,-23.42414655,-65.94540688,-0.032945354,-0.172181219,-1.838303079,-1.868058599,-0.002585518,-0.004877438,0.426160338,0.347258486,0.571895425,3793,1833,6.197712418,4.40625,612,416,14,7,7,22.95543593,-35.02656898,0.037508882,-0.084198483,-0.248111563,-1.310421012,-0.000405,-0.003150051,0.442810458,0.372596154,272,341,6,10,0,-69
1999,CIN,0.498310811,3178,1971,5.368243243,4.626760563,592,426,18,5,3,-62.30835831,-15.93383594,-0.105250605,-0.037403371,-1.696911611,-0.993446897,-0.002866405,-0.002332035,0.407094595,0.392018779,0.560578662,3784,1699,6.842676311,3.843891403,553,442,12,4,8,90.21808954,-50.29907703,0.163143019,-0.113798817,0.292672409,-1.715225947,0.000529245,-0.003880602,0.464737794,0.366515837,283,460,4,12,0,-177
1999,CLE,0.489010989,2574,1140,4.714285714,3.665594855,546,311,14,5,3,-75.87258139,-34.26259068,-0.138960772,-0.110169102,-1.966244236,-1.428273057,-0.00360118,-0.004592518,0.342490842,0.356913183,0.598901099,3226,2686,5.908424908,4.599315068,546,584,8,6,5,78.53581377,28.97303312,0.143838487,0.049611358,1.209454504,-0.374556262,0.002215118,-0.000641,0.490842491,0.448630137,217,437,2,14,0,-220
1999,DAL,0.55984556,3083,2054,5.951737452,4.288100209,518,479,12,3,7,9.831819942,-26.48951191,0.018980347,-0.055301695,-1.451675898,-1.192270238,-0.002802463,-0.002489082,0.384169884,0.407098121,0.512237762,3326,1417,5.814685315,3.533665835,572,401,23,3,5,-42.16217554,-58.45536478,-0.073710097,-0.145773977,-2.0766535,-0.259805305,-0.003630513,-0.000648,0.391608392,0.364089776,352,276,8,8,0,76
1999,DEN,0.54592721,3378,1852,5.854419411,4.052516411,577,457,18,4,5,-12.9756937,-36.69037766,-0.022488204,-0.08028529,-2.641288238,-1.977458313,-0.004577623,-0.004327042,0.428076256,0.36761488,0.526522593,2977,1742,5.848722986,4.108490566,509,424,15,5,3,-33.97077691,-33.19109236,-0.06674023,-0.078280878,-2.398602781,-2.666748208,-0.004712383,-0.0062895,0.422396857,0.358490566,314,318,6,10,0,-4
1999,DET,0.525203252,3639,1214,5.917073171,3.549707602,615,342,14,2,4,-5.34247907,-58.21264974,-0.008686958,-0.170212426,-0.546494869,-2.067207695,-0.000889,-0.006044467,0.409756098,0.333333333,0.570967742,3654,1538,5.893548387,4.068783069,620,378,16,8,7,-5.649186365,-64.85071194,-0.009111591,-0.17156273,-0.412967628,-1.523910094,-0.000666,-0.004031508,0.435483871,0.35978836,322,323,8,8,0,-1
1999,GB,0.538704581,3892,1486,6.14849921,3.941644562,633,377,23,7,5,1.700750479,-38.00615597,0.00268681,-0.100812085,0.87063808,-1.161353683,0.001375416,-0.003080514,0.412322275,0.392572944,0.536412078,3456,1781,6.138543517,3.87173913,563,460,25,2,8,19.88796555,-57.93773333,0.035324983,-0.125951594,-0.533236917,-1.375958798,-0.000947,-0.002991215,0.419182948,0.363043478,357,341,8,8,0,16
1999,IND,0.601083032,3980,1583,7.184115523,3.977386935,554,398,17,6,5,83.24782717,-32.55320487,0.150266836,-0.081791972,1.494450027,-1.5406971,0.002697563,-0.003871098,0.451263538,0.35678392,0.54180602,3454,1708,5.775919732,4.302267003,598,397,9,6,5,11.93034635,-46.4486762,0.019950412,-0.116999184,-0.72678445,-1.600999029,-0.001215359,-0.004032743,0.439799331,0.40302267,423,333,13,3,0,90
1999,JAX,0.561403509,3501,2059,6.142105263,4.15959596,570,495,10,3,3,66.73716197,-15.06709782,0.11708274,-0.030438581,0.776879684,-0.956517191,0.001362947,-0.001932358,0.464912281,0.393939394,0.501754386,2846,1432,4.992982456,3.901907357,570,367,18,4,5,-65.99331136,-67.29147517,-0.115777739,-0.183355518,-2.633503252,-2.320135232,-0.004620181,-0.006321894,0.371929825,0.326975477,396,217,14,2,0,179
1999,KC,0.563218391,3210,2081,6.149425287,4.088408644,522,509,13,4,4,38.30296635,-47.32521467,0.07337733,-0.092976846,0.237185271,-2.192001684,0.000454378,-0.004306487,0.446360153,0.333988212,0.512274959,3442,1563,5.633387889,3.888059701,611,402,25,7,10,-89.57530104,-67.60266553,-0.146604421,-0.168165835,-2.804604675,-2.030275132,-0.004590188,-0.005050436,0.404255319,0.350746269,390,322,9,7,0,68
1999,LA,0.612204724,3983,1945,7.840551181,5.025839793,508,387,13,6,7,141.1240714,-9.375113349,0.27780329,-0.024225099,2.103191069,-0.57394072,0.00414014,-0.001483051,0.50984252,0.42377261,0.49750416,3329,1135,5.539101498,3.58044164,601,317,25,5,1,-105.7172777,-59.72534801,-0.175902292,-0.188408038,-1.250434338,-1.344260406,-0.00208059,-0.004240569,0.386023295,0.299684543,526,242,13,3,0,284
1999,LAC,0.526570048,3224,1227,5.191626409,3.052238806,621,402,24,4,6,-67.30252959,-87.59173229,-0.108377664,-0.217889881,-2.18391748,-2.366437904,-0.003516775,-0.005886661,0.39452496,0.2960199,0.539655172,3566,1282,6.148275862,3.037914692,580,422,13,4,6,34.77770726,-82.51360928,0.059961564,-0.19552988,0.132806487,-3.345305448,0.000228977,-0.007927264,0.431034483,0.31042654,269,316,8,8,0,-47
1999,LV,0.538053097,3590,2057,6.353982301,4.321428571,565,476,13,6,5,54.53343309,-11.93753651,0.096519351,-0.025078858,0.574149321,-0.829608608,0.001016193,-0.001742875,0.444247788,0.403361345,0.518324607,3262,1556,5.692844677,4.031088083,573,386,19,6,6,-18.58187576,-48.16816519,-0.032429103,-0.124787993,-1.121472466,-0.895885838,-0.001957195,-0.002320948,0.403141361,0.352331606,390,329,8,8,0,61
1999,MIA,0.524350649,3407,1459,5.530844156,3.346330275,616,436,21,8,3,-66.24149138,-64.55002761,-0.107534889,-0.148050522,-1.844787933,-1.996884922,-0.002994786,-0.004580011,0.409090909,0.325688073,0.495126706,2904,1454,5.660818713,3.681012658,513,395,18,4,3,-45.09584392,-63.28548437,-0.087906128,-0.160216416,-2.238092885,-1.946675718,-0.004362754,-0.004928293,0.356725146,0.313924051,326,336,9,7,0,-10
1999,MIN,0.559352518,3908,1811,7.028776978,4.427872861,556,409,21,8,6,38.98995073,-29.21523888,0.070125811,-0.071430902,0.892145502,-0.922000414,0.001604578,-0.00225428,0.451438849,0.430317848,0.576323988,3929,1593,6.119937695,3.914004914,642,407,12,7,9,49.76561617,-68.60388372,0.077516536,-0.168559911,0.98552986,-1.92818019,0.001535093,-0.004737543,0.448598131,0.358722359,399,335,10,6,0,64
1999,NE,0.511824324,3620,1433,6.114864865,3.547029703,592,404,21,6,5,-43.45443705,-74.11271023,-0.073402765,-0.183447303,-3.085076255,-2.328994891,-0.005211277,-0.005764839,0.408783784,0.314356436,0.523297491,3015,1788,5.403225806,3.788135593,558,472,16,7,6,-27.96426758,-74.18370414,-0.050115175,-0.157168865,-1.962837208,-2.073981365,-0.003517629,-0.004394028,0.374551971,0.343220339,299,284,8,8,0,15
1999,NO,0.482112436,3279,1668,5.586030664,3.706666667,587,450,26,1,6,-66.30179562,-73.27694077,-0.112950248,-0.162837646,-1.041784301,-2.386356876,-0.00177476,-0.005303015,0.373083475,0.357777778,0.544090056,3510,1738,6.585365854,4.157894737,533,418,19,8,5,13.65050357,-16.84550632,0.025610701,-0.040300254,0.074386886,-0.700654737,0.000139563,-0.001676208,0.429643527,0.435406699,260,434,3,13,0,-174
1999,NYG,0.546875,3734,1386,5.834375,3.323741007,640,417,18,5,7,-21.60879731,-78.18186258,-0.033763746,-0.187486481,-2.538542458,-1.519128612,-0.003966473,-0.003642994,0.4265625,0.321342926,0.540037244,3382,1548,6.297951583,3.550458716,537,436,17,4,3,15.99953699,-72.95374553,0.029794296,-0.167325104,-1.113577023,-3.240703634,-0.0020737,-0.007432806,0.415270019,0.350917431,299,358,7,9,0,-59
1999,NYJ,0.528599606,2762,1968,5.447731755,4.187234043,507,470,16,2,2,7.03786302,-42.31046891,0.013881387,-0.090022274,-1.639766762,-0.989363085,-0.003234254,-0.002105028,0.388560158,0.387234043,0.537162162,3669,1688,6.197635135,4.06746988,592,415,23,6,5,-17.88734882,-26.25213701,-0.030215116,-0.063258161,-2.36388742,-0.452080834,-0.003993053,-0.001089351,0.425675676,0.356626506,308,309,8,8,0,-1
1999,PHI,0.450676983,2053,1745,3.97098646,4.276960784,517,408,17,9,8,-139.0539087,-42.26875101,-0.268963073,-0.10359988,-5.102679797,-1.26738916,-0.009869787,-0.003106346,0.323017408,0.345588235,0.53577371,3461,1940,5.758735441,3.943089431,601,492,28,10,7,-84.84136816,-44.57079038,-0.141167002,-0.090591037,-3.43138018,-1.399081356,-0.005709451,-0.002843661,0.415973378,0.37601626,272,357,5,11,0,-85
1999,PIT,0.524647887,2814,1990,4.954225352,4.180672269,568,476,18,1,5,-59.19212653,-15.71334558,-0.10421149,-0.03301123,-2.619414333,-1.360774007,-0.004611645,-0.002858769,0.411971831,0.420168067,0.492929293,2903,1892,5.864646465,4.483412322,495,422,11,7,5,-32.3458041,-22.20784231,-0.065345059,-0.052625219,-0.769254847,-1.084713028,-0.00155405,-0.00257041,0.371717172,0.374407583,317,320,6,10,0,-3
1999,SEA,0.513513514,3386,1406,6.100900901,3.559493671,555,395,16,7,7,3.557100595,-87.49439945,0.00640919,-0.221504809,-1.129485346,-1.45855716,-0.002035109,-0.00369255,0.425225225,0.321518987,0.516393443,3417,1918,5.601639344,4.098290598,610,468,28,4,1,-61.25952997,-19.64617684,-0.100425459,-0.04197901,-1.719810851,-0.890443712,-0.002819362,-0.001902658,0.4,0.38034188,338,298,9,7,0,40
1999,SF,0.545918367,3259,2064,5.542517007,5.096296296,588,405,18,6,4,-48.99101039,7.405263936,-0.083318045,0.018284602,-2.156803105,-0.190968387,-0.003668032,-0.000472,0.404761905,0.437037037,0.580110497,4061,1619,7.478821363,3.92961165,543,412,11,2,3,120.9517059,-47.03165568,0.222747156,-0.114154504,2.407592938,-1.515884186,0.004433873,-0.003679331,0.47145488,0.356796117,295,453,4,12,0,-158
1999,TB,0.548453608,2401,1794,4.950515464,3.698969072,485,485,15,8,8,-64.83462448,-83.8142489,-0.133679638,-0.172812884,-3.32623908,-3.218081498,-0.006858225,-0.00663522,0.389690722,0.309278351,0.496688742,2844,1408,4.708609272,3.988668555,604,353,19,5,3,-118.928207,-34.70757443,-0.196901005,-0.098321741,-4.21218235,-1.583203241,-0.006973812,-0.004484995,0.347682119,0.373937677,270,235,11,5,0,35
1999,TEN,0.550458716,3452,1791,6.333944954,4.070454545,545,440,12,5,4,23.83811468,-14.50086819,0.04373966,-0.032956519,0.999991217,-0.900355372,0.001834846,-0.002046262,0.423853211,0.381818182,0.504950495,3636,1539,6,4.104,606,375,15,9,10,32.7568538,-71.41581672,0.054054214,-0.190442178,-1.539547451,-2.653024379,-0.002540507,-0.007074732,0.429042904,0.402666667,392,324,13,3,0,68
1999,WAS,0.569148936,3912,1988,6.936170213,4.538812785,564,438,14,7,2,50.63854782,25.87455918,0.089784659,0.059074336,0.847144507,0.391864637,0.001502029,0.000894668,0.432624113,0.45890411,0.523424879,3693,1964,5.966074313,4.546296296,619,432,21,7,5,5.703120558,-7.961130569,0.009213442,-0.018428543,-1.840773417,-0.382100889,-0.002973786,-0.000884,0.407108239,0.37962963,443,377,10,6,0,66
2000,ARI,0.53516295,3161,1258,5.421955403,3.678362573,583,342,23,8,7,-75.53218843,-71.01234686,-0.129557785,-0.207638441,-1.309192172,-2.375274847,-0.002245613,-0.006945248,0.394511149,0.365497076,0.616842105,3111,2549,6.549473684,4.471929825,475,570,8,5,5,78.63567197,32.5151987,0.165548783,0.057044208,-0.428851631,0.4552327,-0.000903,0.000798654,0.467368421,0.447368421,210,443,3,13,0,-233
2000,ATL,0.492982456,2753,1186,4.829824561,3.447674419,570,344,20,6,5,-139.4599034,-68.52308512,-0.244666497,-0.199195015,-3.954575759,-1.99980528,-0.006937852,-0.005813387,0.373684211,0.340116279,0.556377079,3597,1976,6.648798521,4.362030905,541,453,15,5,3,40.79553923,-20.40988114,0.075407651,-0.045054925,-0.954632786,-0.319578524,-0.001764571,-0.000705,0.443622921,0.370860927,252,413,4,12,0,-161
2000,BAL,0.522058824,2768,2161,5.088235294,4.262327416,544,507,19,4,2,-44.71128341,-17.38564788,-0.082189859,-0.034291219,-2.651649857,-0.282001234,-0.004874356,-0.000556,0.397058824,0.406311637,0.526978417,2994,945,5.384892086,2.639664804,556,358,22,9,14,-83.9058631,-129.1440017,-0.150909826,-0.360737435,-2.274094112,-3.188465502,-0.004090097,-0.008906328,0.386690647,0.287709497,333,165,12,4,0,168
2000,BUF,0.525846702,3362,1840,5.992869875,4.079822616,561,451,8,5,5,-0.324520146,-59.01557513,-0.000578,-0.130854934,0.937267666,0.025563039,0.001670709,5.67E-05,0.431372549,0.368070953,0.542510121,2727,1409,5.520242915,3.58524173,494,393,14,9,3,-31.57750307,-51.0714735,-0.063922071,-0.129952859,-0.990955416,-1.058077891,-0.002005983,-0.00269231,0.390688259,0.340966921,315,350,8,8,0,-35
2000,CAR,0.53525641,3434,1175,5.503205128,3.376436782,624,348,19,12,2,-40.0499835,-39.15058301,-0.064182666,-0.112501675,-2.889064938,-0.963956114,-0.004629912,-0.002769989,0.453525641,0.318965517,0.604852686,3690,1920,6.395147314,4.648910412,577,413,17,10,7,16.17685994,-26.16949663,0.028036152,-0.063364399,-0.477286105,-0.065518034,-0.000827,-0.000159,0.45407279,0.418886199,310,310,7,9,0,0
2000,CHI,0.528998243,2773,1715,4.873462214,4.162621359,569,412,14,5,7,-98.7983257,-39.11298299,-0.173635019,-0.094934425,-2.331174357,-1.181547489,-0.004096967,-0.002867834,0.386643234,0.398058252,0.584805654,3412,1781,6.028268551,3.87173913,566,460,11,5,3,10.70208216,-23.66517153,0.018908272,-0.051446025,-2.45058464,-0.475363073,-0.004329655,-0.001033398,0.45229682,0.363043478,216,355,5,11,0,-139
2000,CIN,0.412825651,1944,2182,3.895791583,4.593684211,499,475,14,9,6,-138.8966092,-26.29002984,-0.278349918,-0.055347431,-3.300722169,-0.564284148,-0.006614674,-0.001187967,0.306613226,0.385263158,0.5625,3534,1894,6.310714286,3.810865191,560,497,9,3,7,82.98578602,-67.98705535,0.148188904,-0.13679488,1.651530478,-1.088635685,0.002949162,-0.002190414,0.433928571,0.364185111,185,359,4,12,0,-174
2000,CLE,0.535783366,2434,1057,4.707930368,3.18373494,517,332,19,5,2,-120.1907518,-67.42313414,-0.232477276,-0.203081729,-1.675913808,-1.600286887,-0.003241613,-0.004820141,0.332688588,0.295180723,0.497120921,3102,2384,5.953934741,4.082191781,521,584,12,5,4,28.29347181,9.988792141,0.054306088,0.017104096,-0.841340727,0.65449232,-0.001614857,0.001120706,0.422264875,0.417808219,161,419,3,13,0,-258
2000,DAL,0.524109015,2472,1938,5.182389937,4.222222222,477,459,21,8,7,-73.71930587,-13.21624273,-0.154547811,-0.028793557,-2.321896308,-0.955572322,-0.004867707,-0.002086402,0.385744235,0.433551198,0.577731092,2640,2554,5.546218487,4.855513308,476,526,14,4,3,5.198170209,19.02201135,0.010920526,0.03616352,0.221820298,0.366801392,0.000466009,0.000697341,0.424369748,0.458174905,294,361,5,11,0,-67
2000,DEN,0.586148649,4156,2303,7.02027027,4.515686275,592,510,12,6,5,82.69414095,4.274970906,0.139686049,0.008382296,1.84073331,1.515779053,0.003109347,0.002972116,0.488175676,0.411764706,0.500821018,3900,1566,6.403940887,4.592375367,609,341,27,6,7,-13.91395428,-35.65922132,-0.022847216,-0.104572497,-1.612857141,-0.152218786,-0.00264837,-0.000446,0.403940887,0.337243402,485,369,11,5,0,116
2000,DET,0.503676471,2668,1742,4.904411765,3.905829596,544,446,17,6,4,-98.52126276,-35.37052285,-0.181105262,-0.079306105,-3.558785466,-0.817914831,-0.006541885,-0.00183389,0.369485294,0.374439462,0.54159292,3146,1787,5.568141593,4.295673077,565,416,24,7,7,-66.01033415,-30.86779053,-0.11683245,-0.07420142,-3.086205591,-1.431889594,-0.005462311,-0.003442042,0.415929204,0.362980769,307,307,9,7,0,0
2000,GB,0.544303797,3634,1631,5.75,4.05721393,632,402,16,12,3,-4.174760279,-14.09054352,-0.006605633,-0.035051103,-1.436275844,-0.230594647,-0.002272588,-0.000574,0.417721519,0.373134328,0.51965812,3432,1538,5.866666667,3.760391198,585,409,19,2,2,29.57477751,-41.35031525,0.050555175,-0.101101015,1.367117344,-0.986159305,0.002336953,-0.002411147,0.423931624,0.371638142,353,323,9,7,0,30
2000,IND,0.602389078,4259,1819,7.267918089,4.25,586,428,14,4,8,134.8387897,-14.78421009,0.230100324,-0.034542547,2.359683278,-0.468931126,0.004026763,-0.001100777,0.489761092,0.411214953,0.552028219,3378,1916,5.957671958,4.315315315,567,444,14,4,3,-8.803556823,4.53695762,-0.015526555,0.010218373,0.007078329,-0.258482591,1.25E-05,-0.000582,0.417989418,0.418918919,429,326,10,6,0,103
2000,JAX,0.557788945,3665,1966,6.139028476,4.165254237,597,472,15,7,5,30.47686018,-23.40517162,0.051050017,-0.049587228,-0.382346797,-1.156296281,-0.00064,-0.00244978,0.462311558,0.366525424,0.515151515,3133,1654,6.329292929,3.846511628,495,430,12,7,6,19.00275824,-39.96269102,0.038389411,-0.092936491,0.584361501,-2.376775602,0.001180528,-0.005553214,0.391919192,0.344186047,367,327,7,9,0,40
2000,KC,0.55,3831,1335,6.605172414,3.847262248,580,347,14,6,4,37.65650676,-44.48095324,0.064925012,-0.128187185,-0.674868222,-1.059676549,-0.001163566,-0.003053823,0.443103448,0.337175793,0.608303249,3316,1759,5.985559567,4.168246445,554,422,14,3,9,49.88289982,-36.04420964,0.090041335,-0.085412819,-0.247784364,-0.743784984,-0.000447,-0.001762524,0.463898917,0.369668246,355,354,7,9,0,1
2000,LA,0.594594595,5134,1822,8.162162162,4.769633508,629,382,23,6,2,138.8783739,29.32384754,0.220792327,0.076763999,2.61395931,1.077316459,0.004155738,0.0028202,0.491255962,0.429319372,0.548780488,3698,1671,6.442508711,4.444148936,574,376,18,2,2,56.7005698,8.95349943,0.09878148,0.023812498,0.338883775,0.387654891,0.00059039,0.001030997,0.456445993,0.396276596,540,471,10,6,0,69
2000,LAC,0.490533563,2997,1001,5.158347676,2.979166667,581,336,29,6,11,-82.72714001,-90.39589477,-0.142387504,-0.269035401,-4.053946509,-3.078218381,-0.006977533,-0.009161364,0.376936317,0.3125,0.542649728,3235,1282,5.871143376,2.995327103,551,428,15,2,2,10.924294,-90.83179673,0.019826305,-0.212223824,-0.214767158,-1.643441775,-0.00039,-0.003839817,0.442831216,0.278037383,269,440,1,15,0,-171
2000,LV,0.562753036,3223,2402,6.524291498,4.700587084,494,511,11,3,6,94.93577304,1.487482498,0.192177678,0.002910925,1.511039668,-0.988481879,0.003058785,-0.001934407,0.457489879,0.381604697,0.560897436,3629,1468,5.815705128,3.946236559,624,372,20,6,9,-12.34216732,-53.60199562,-0.019779114,-0.144091386,-0.009551252,-0.533826552,-1.53E-05,-0.001435018,0.439102564,0.376344086,479,299,12,4,0,180
2000,MIA,0.53699284,2404,1684,5.737470167,3.750556793,419,449,16,2,7,15.16770985,-53.1937811,0.036199785,-0.118471673,-0.351979922,-1.026341902,-0.00084,-0.002285839,0.412887828,0.35857461,0.495274102,2633,1629,4.97731569,4.187660668,529,389,26,5,4,-73.14503472,-45.15220304,-0.138270387,-0.116072501,-0.37770567,-0.311602457,-0.000714,-0.000801,0.372400756,0.370179949,323,226,11,5,0,97
2000,MIN,0.580952381,3821,2085,7.278095238,4.929078014,525,423,16,5,3,86.0478706,25.16718281,0.163900706,0.059496886,3.096459002,0.965618337,0.005898017,0.002282786,0.478095238,0.41607565,0.601317957,3857,1780,6.354200988,4.506329114,607,395,7,7,1,77.85925522,-0.905847527,0.128268954,-0.002293285,0.832031018,-0.001564848,0.001370727,-3.96E-06,0.492586491,0.415189873,397,371,11,5,0,26
2000,NE,0.533661741,3137,1392,5.151067323,3.267605634,609,426,15,6,4,-30.70106043,-72.97824598,-0.05041225,-0.171310437,-2.120766119,-1.502116497,-0.003482375,-0.003526095,0.407224959,0.328638498,0.557319224,3429,1783,6.047619048,3.653688525,567,488,10,4,8,47.25177454,-54.01332172,0.083336463,-0.110683036,1.230823751,-0.871848234,0.002170765,-0.001786574,0.444444444,0.360655738,276,338,5,11,0,-62
2000,NO,0.549905838,3288,2005,6.192090395,4.083503055,531,491,14,2,6,32.62519745,-20.86721364,0.06144105,-0.042499417,-0.120357518,-0.090828705,-0.000227,-0.000185,0.435028249,0.411405295,0.513661202,3032,1620,5.52276867,4.164524422,549,389,20,9,3,-66.53218039,-11.6013228,-0.121187942,-0.029823452,-2.914834361,-0.051898715,-0.005309352,-0.000133,0.406193078,0.380462725,354,305,10,6,0,49
2000,NYG,0.560798548,3333,1998,6.049001815,3.948616601,551,506,12,5,5,67.97057244,-57.40962546,0.123358571,-0.113457758,0.028118505,-0.695781161,5.10E-05,-0.001375062,0.451905626,0.343873518,0.517515924,3387,1116,5.393312102,3.179487179,628,351,20,3,5,-6.087883774,-67.83788648,-0.009694082,-0.193270332,-2.903013151,-2.009972362,-0.004622632,-0.005726417,0.415605096,0.304843305,328,246,12,4,0,82
2000,NYJ,0.538580247,3896,1422,6.012345679,3.51980198,648,404,25,5,5,-6.113150692,-60.09186312,-0.009433875,-0.148742235,-0.887118552,-1.459310311,-0.00136901,-0.003612154,0.430555556,0.339108911,0.476449275,2923,1870,5.295289855,3.987206823,552,469,20,6,7,-51.68512331,-51.55201571,-0.09363247,-0.10991901,-2.078594298,-2.571024471,-0.003765569,-0.005481929,0.369565217,0.360341151,321,321,9,7,0,0
2000,PHI,0.532467532,3078,1847,4.996753247,4.748071979,616,389,13,3,7,-4.545320242,0.186625194,-0.007378767,0.000479756,-1.058944685,-0.332684783,-0.001719066,-0.000855,0.399350649,0.40874036,0.522689076,2906,1795,4.884033613,4.006696429,595,448,17,6,5,-84.74076939,-28.61800284,-0.142421461,-0.063879471,-2.665640951,-1.694302876,-0.004480069,-0.003781926,0.388235294,0.370535714,351,245,11,5,0,106
2000,PIT,0.450733753,2481,2182,5.201257862,4.196153846,477,520,10,4,3,-43.97386357,-12.0570427,-0.092188393,-0.023186621,-2.690602212,0.7832829,-0.005640675,0.001506313,0.368972746,0.388461538,0.501805054,2995,1668,5.406137184,3.990430622,554,418,16,9,7,-38.48252629,-80.0846698,-0.069463044,-0.191590119,-0.843426406,-2.194321291,-0.00152243,-0.005249572,0.364620939,0.337320574,321,255,9,7,0,66
2000,SEA,0.554744526,2923,1693,5.333941606,4.243107769,548,399,21,6,7,-29.44519773,-21.70040951,-0.053732113,-0.054386991,-1.322584402,-0.486395419,-0.002413475,-0.001219036,0.410583942,0.385964912,0.596078431,3828,2454,7.505882353,4.917835671,510,499,17,5,6,76.80361891,-2.091431836,0.150595331,-0.004191246,1.247022575,0.520295874,0.002445142,0.001042677,0.484313725,0.414829659,320,405,6,10,0,-85
2000,SF,0.603015075,4205,1762,7.043551089,4.329238329,597,407,9,5,4,120.0041826,-18.48136662,0.201012031,-0.045408763,1.834591425,-0.69547388,0.003073017,-0.001708781,0.462311558,0.385749386,0.533219761,3829,1749,6.522998296,4.096018735,587,427,12,3,4,55.87086004,26.37052018,0.095180341,0.061757658,1.46653763,0.863794566,0.002498361,0.002022938,0.453151618,0.423887588,388,422,6,10,0,-34
2000,TB,0.5,2503,2024,5.394396552,4.243186583,464,477,13,4,3,-7.853159944,-12.99182406,-0.016924914,-0.027236528,-2.151306581,-0.481627956,-0.004636437,-0.001009702,0.409482759,0.383647799,0.519440124,3114,1654,4.842923795,4.166246851,643,397,25,11,4,-102.4908969,-22.69506558,-0.159394863,-0.057166412,-4.167187609,-0.663085195,-0.006480852,-0.00167024,0.398133748,0.397984887,388,269,10,6,0,119
2000,TEN,0.582463466,3172,2030,6.622129436,3.745387454,479,542,16,7,6,17.28113914,-59.32914084,0.036077535,-0.109463359,0.387853233,-1.847005979,0.000809714,-0.00340776,0.436325678,0.361623616,0.46615087,2414,1340,4.669245648,3.498694517,517,383,17,7,2,-107.1701569,-82.1902941,-0.207292373,-0.214596068,-3.502139506,-1.860885881,-0.006773964,-0.00485871,0.350096712,0.310704961,346,191,13,3,0,155
2000,WAS,0.582905983,3641,1699,6.223931624,3.905747126,585,435,21,6,4,25.02278615,-51.82401057,0.042773993,-0.119135656,-1.419048185,-1.276367647,-0.002425723,-0.002934178,0.435897436,0.372413793,0.498,2529,1845,5.058,4.320843091,500,427,17,9,3,-95.90832338,-12.02115649,-0.191816647,-0.028152591,-3.959168807,0.055236017,-0.007918338,0.000129358,0.36,0.391100703,281,269,8,8,0,12
2001,ARI,0.547747748,3449,1457,6.214414414,3.66080402,555,398,14,4,6,27.72501361,-60.17172691,0.049954979,-0.151185243,0.155785074,-1.515494598,0.000280694,-0.003807775,0.407207207,0.364321608,0.588132635,3600,2089,6.282722513,4.203219316,573,497,17,1,4,49.66318332,-22.64717383,0.086672222,-0.045567754,1.556440074,-0.442415336,0.0027163,-0.00089,0.452006981,0.408450704,295,343,7,9,0,-48
2001,ATL,0.505454545,3310,1763,6.018181818,4.025114155,550,438,17,8,3,-28.92574241,-36.82205818,-0.052592259,-0.084068626,-0.342652254,-1.439652476,-0.000623,-0.003286878,0.418181818,0.349315068,0.599637681,3902,1943,7.06884058,4.797530864,552,405,18,4,5,78.09150032,-16.82818386,0.141470109,-0.041551071,0.694674075,-0.666949871,0.001258468,-0.00164679,0.456521739,0.362962963,291,377,7,9,0,-86
2001,BAL,0.533333333,3316,1810,5.526666667,3.747412008,600,483,20,7,6,-52.57382019,-76.64757932,-0.087623034,-0.15869064,-1.441437295,-2.330176284,-0.002402395,-0.004824382,0.416666667,0.339544513,0.535,3035,1413,5.058333333,3.463235294,600,408,16,7,4,-72.21993736,-57.18951081,-0.120366562,-0.14017037,-3.392912701,-1.979682157,-0.005654855,-0.004852162,0.386666667,0.316176471,303,265,10,6,0,38
2001,BUF,0.536945813,3453,1686,5.669950739,4.15270936,609,406,20,7,4,-42.02856129,-34.93250147,-0.069012416,-0.086040644,-1.53990562,-1.543159138,-0.002528581,-0.003800885,0.400656814,0.357142857,0.583162218,3159,2134,6.486652977,4.436590437,487,481,11,5,1,21.45161382,16.97349466,0.044048488,0.035287931,-0.124923582,0.285991719,-0.000257,0.000594577,0.447638604,0.413721414,265,420,3,13,0,-155
2001,CAR,0.510569106,2882,1374,4.686178862,3.903409091,615,352,22,4,6,-136.6462394,-69.15778014,-0.222189007,-0.196470966,-4.546647135,-1.853091468,-0.007392922,-0.005264464,0.364227642,0.326704545,0.566666667,3646,2311,6.751851852,4.496108949,540,514,24,4,5,39.85230132,-19.62214192,0.073800558,-0.038175373,1.515598096,0.215543411,0.002806663,0.000419345,0.45,0.361867704,253,410,1,15,0,-157
2001,CHI,0.580110497,2952,1746,5.436464088,3.691331924,543,473,16,4,2,-26.19683171,-43.25654884,-0.048244626,-0.091451477,-1.191092493,-1.154677718,-0.002193541,-0.002441179,0.408839779,0.367864693,0.546153846,3667,1313,5.641538462,3.520107239,650,373,20,10,6,-76.49722693,-76.81871457,-0.117688041,-0.205948296,-2.487479791,-2.435846509,-0.003826892,-0.00653042,0.433846154,0.353887399,338,203,13,3,0,135
2001,CIN,0.510301109,3090,1712,4.896988906,3.882086168,631,441,26,3,5,-62.72219415,-44.99564351,-0.099401259,-0.102030938,-2.048797334,-1.759168591,-0.003246905,-0.003989044,0.412044374,0.344671202,0.552397869,3159,1676,5.611012433,3.716186253,563,451,13,5,7,2.798806781,-71.10450137,0.004971238,-0.157659648,-1.068346706,-2.100609129,-0.001897596,-0.00465767,0.419182948,0.356984479,226,309,6,10,0,-83
2001,CLE,0.539651838,2801,1353,5.417794971,3.236842105,517,418,21,3,6,-59.12602709,-75.7073255,-0.114363689,-0.181118004,-2.568993112,-2.232035163,-0.004969039,-0.005339797,0.384912959,0.325358852,0.51758794,3093,2208,5.180904523,4.469635628,597,494,33,5,3,-85.89261983,-5.732358822,-0.143873735,-0.011603965,-4.134781435,0.614431209,-0.006925932,0.001243788,0.41038526,0.372469636,285,319,7,9,0,-34
2001,DAL,0.469798658,2218,2184,4.96196868,4.324752475,447,505,20,2,8,-87.11364199,-47.55513952,-0.194885105,-0.094168593,-2.269665921,-1.438167508,-0.005077552,-0.002847856,0.351230425,0.36039604,0.55620155,2889,1710,5.598837209,3.622881356,516,472,9,2,8,20.05530825,-71.34813027,0.038866876,-0.151161293,0.943065405,-1.855679354,0.001827646,-0.003931524,0.434108527,0.347457627,246,338,5,11,0,-92
2001,DEN,0.561151079,2944,1879,5.294964029,3.898340249,556,482,19,5,2,-16.32409235,-33.72367288,-0.029359878,-0.069966126,-1.559841804,-1.063376676,-0.002805471,-0.002206176,0.446043165,0.390041494,0.555956679,3282,1492,5.924187726,3.665847666,554,407,22,4,6,11.97481604,-61.69430662,0.021615191,-0.151583063,-0.606055633,-1.392255603,-0.001093963,-0.003420775,0.451263538,0.368550369,340,339,8,8,0,1
2001,DET,0.503671072,3598,1401,5.283406755,3.991452991,681,351,24,9,4,-87.1931943,-49.47349332,-0.128036996,-0.140950123,-1.61258748,-1.359696709,-0.00236797,-0.00387378,0.396475771,0.344729345,0.571428571,3532,1994,6.468864469,4.251599147,546,469,16,2,2,51.40707171,-8.213777573,0.094152146,-0.017513385,1.808753881,0.137213321,0.003312736,0.000292566,0.468864469,0.373134328,270,424,2,14,0,-154
2001,GB,0.588014981,3772,1695,7.063670412,4.154411765,534,408,15,4,6,69.73109597,-52.16875082,0.130582577,-0.127864585,0.084075872,-1.416948331,0.000157445,-0.003472913,0.475655431,0.325980392,0.5328125,3174,1773,4.959375,4.345588235,640,408,20,13,2,-78.49077396,-25.26901187,-0.122641834,-0.061933853,-3.101752849,-1.133114242,-0.004846489,-0.002777241,0.3828125,0.357843137,390,266,12,4,0,124
2001,IND,0.594548552,3993,1969,6.802385009,4.485193622,587,439,23,7,7,16.148377,-20.94901544,0.027510012,-0.047719853,0.620281631,-1.171762697,0.001056698,-0.002669163,0.468483816,0.414578588,0.563405797,3600,2119,6.52173913,4.667400881,552,454,15,4,3,54.44967863,-11.07947717,0.098640722,-0.024404135,0.165706199,-0.288570238,0.000300192,-0.000637,0.456521739,0.381057269,413,486,6,10,0,-73
2001,JAX,0.536789298,3242,1600,5.421404682,4.289544236,598,373,14,8,3,-26.29034383,-27.96437697,-0.043963786,-0.07497152,-2.919158865,-0.494044433,-0.004881537,-0.001324516,0.436454849,0.394101877,0.601018676,3459,1611,5.872665535,3.434968017,589,469,12,6,4,7.41200381,-64.83253186,0.012584047,-0.138235676,0.938779579,-2.382034875,0.001593853,-0.005078966,0.470288625,0.33901919,294,286,6,10,0,8
2001,KC,0.528169014,3669,2010,6.459507042,4.466666667,568,450,24,4,4,-11.28824957,16.04951458,-0.019873679,0.035665588,-1.280139623,-0.352093556,-0.002253767,-0.000782,0.427816901,0.44,0.565965583,3166,2142,6.053537285,4.443983402,523,482,13,6,3,33.1797626,-7.643563777,0.063441229,-0.015858016,-0.133465935,0.290875101,-0.000255,0.000603475,0.449330784,0.394190871,320,344,6,10,0,-24
2001,LA,0.638047138,4665,2031,7.853535354,4.893975904,594,415,22,9,7,128.6398061,4.707815978,0.21656533,0.011344135,3.22259531,0.409915349,0.005425245,0.000987748,0.52020202,0.438554217,0.534013605,3097,1374,5.267006803,3.733695652,588,368,21,8,5,-123.4696969,-37.03385021,-0.209982478,-0.100635463,-2.539923349,-1.431815005,-0.004319598,-0.003890802,0.391156463,0.364130435,503,273,14,2,0,230
2001,LAC,0.536458333,3505,1695,6.085069444,3.887614679,576,436,18,4,6,29.25572352,-49.81205366,0.050791187,-0.114247829,-0.089728716,-1.762027738,-0.000156,-0.004041348,0.423611111,0.355504587,0.548442907,3402,1504,5.885813149,3.349665924,578,449,19,1,10,28.17702193,-62.6482727,0.048749173,-0.139528447,1.970775242,-0.818877951,0.003409646,-0.001823782,0.429065744,0.371937639,332,321,5,11,0,11
2001,LV,0.627586207,3707,1657,6.39137931,3.67405765,580,451,9,4,7,99.55246339,-26.92725892,0.171642178,-0.059705674,1.660447261,-0.472224731,0.00286284,-0.001047061,0.496551724,0.407982262,0.506993007,3085,1994,5.393356643,4.562929062,572,437,17,1,6,-10.89174087,-6.706644635,-0.019041505,-0.015347013,-1.562834664,-0.450351839,-0.002732228,-0.001030553,0.393356643,0.409610984,399,327,10,6,0,72
2001,MIA,0.572916667,3157,1666,6.577083333,3.514767932,480,474,19,10,4,12.34506505,-31.83107653,0.025718886,-0.06715417,-0.395351932,-0.66020854,-0.000824,-0.00139579,0.460416667,0.358649789,0.51984127,2829,1781,5.613095238,3.940265487,504,452,17,5,4,-29.09359596,-38.57973557,-0.057725389,-0.085353397,-1.280110758,-1.646192455,-0.002539902,-0.003642019,0.396825397,0.367256637,344,290,11,5,0,54
2001,MIN,0.554635762,3578,1613,5.92384106,4.267195767,604,378,23,12,3,-42.66820061,-12.47523525,-0.070642716,-0.033003268,-1.333437593,-0.342077026,-0.002207678,-0.000905,0.430463576,0.415343915,0.570588235,3367,2302,6.601960784,4.846315789,510,475,8,2,6,56.46921854,-11.31832012,0.110723958,-0.023828042,0.772340064,0.189671752,0.001514392,0.000399309,0.462745098,0.418947368,290,390,5,11,0,-100
2001,NE,0.578449905,3089,1795,5.839319471,3.81104034,529,471,15,4,8,9.733590355,-46.09865533,0.018399982,-0.097874003,-0.342287825,-0.447837284,-0.000647,-0.000951,0.438563327,0.367303609,0.506779661,3501,1844,5.933898305,4.308411215,590,428,22,8,3,-60.77617424,-36.43155303,-0.103010465,-0.085120451,-1.995294433,-1.258203557,-0.003381855,-0.002939728,0.398305085,0.39953271,371,272,11,5,0,99
2001,NO,0.509771987,3516,1712,5.726384365,4.066508314,614,421,22,5,6,-12.49399341,-64.28769057,-0.020348523,-0.152702353,-0.725297962,-1.20867964,-0.001181267,-0.002870973,0.385993485,0.363420428,0.547244094,3355,1720,6.604330709,3.873873874,508,444,15,6,5,27.40998093,-31.97152514,0.053956655,-0.07200794,0.113600993,-1.119755627,0.000223624,-0.002521972,0.419291339,0.367117117,333,409,7,9,0,-76
2001,NYG,0.541390728,3558,1781,5.890728477,4.180751174,604,426,16,4,5,-3.169510955,-40.82191508,-0.005247535,-0.095826092,-0.768570861,-1.05835928,-0.001272468,-0.002484411,0.427152318,0.363849765,0.523725835,3432,1545,6.031634446,3.609813084,569,428,15,8,4,3.450869223,-69.72394028,0.006064797,-0.162906403,-0.560996708,-1.746850062,-0.000986,-0.004081425,0.39543058,0.357476636,294,321,7,9,0,-27
2001,NYJ,0.560824742,2741,2046,5.651546392,4.639455782,485,441,14,1,4,-3.220593353,-30.81716275,-0.006640399,-0.069880188,-1.724777059,-0.816115442,-0.003556241,-0.001850602,0.408247423,0.403628118,0.569090909,2999,2158,5.452727273,4.495833333,550,480,20,9,10,-34.48696865,-12.96984976,-0.062703579,-0.02702052,-3.458715181,-0.568260887,-0.006288573,-0.001183877,0.430909091,0.41875,308,295,10,6,0,13
2001,PHI,0.533807829,3145,1779,5.596085409,4.328467153,562,411,14,4,4,-7.911860651,-33.43324516,-0.014078044,-0.081346095,-1.115313353,-0.626705543,-0.001984543,-0.001524831,0.395017794,0.381995134,0.510638298,2864,1839,5.078014184,4.032894737,564,456,14,6,8,-65.9755533,-58.62596706,-0.116977931,-0.128565717,-1.916828036,-1.044966862,-0.003398631,-0.002291594,0.381205674,0.370614035,343,208,11,5,0,135
2001,PIT,0.563786008,3113,2775,6.405349794,4.801038062,486,578,12,2,6,60.35866879,10.43265304,0.124194792,0.018049573,1.473804508,0.584951774,0.00303252,0.001012027,0.446502058,0.401384083,0.507745267,2944,1195,5.067125645,3.525073746,581,339,16,5,3,-55.20604026,-60.01077068,-0.095019002,-0.177022922,-2.030019164,-2.008425962,-0.003494009,-0.00592456,0.401032702,0.336283186,352,212,13,3,0,140
2001,SEA,0.50390625,2838,1936,5.54296875,4.12793177,512,469,12,3,4,-1.605773406,-29.06031901,-0.003136276,-0.061962301,-0.474330002,-0.270674548,-0.000926,-0.000577,0.390625,0.368869936,0.5640599,3487,1721,5.801996672,4.011655012,601,429,14,6,5,11.75863131,-13.84157519,0.01956511,-0.032264744,-0.639170557,-0.781706668,-0.001063512,-0.00182216,0.424292845,0.37995338,301,324,9,7,0,-23
2001,SF,0.595505618,3447,2245,6.45505618,4.410609037,534,509,12,4,3,77.74874886,11.32836914,0.145596908,0.022256128,1.54250117,0.901287317,0.002888579,0.001770702,0.470037453,0.418467583,0.550580431,3389,1575,5.620232172,4.059278351,603,388,24,4,5,-15.08516591,-48.15185777,-0.025016859,-0.124102726,-0.180834271,-1.163896098,-3.00E-04,-0.002999732,0.43615257,0.378865979,409,282,12,4,0,127
2001,TB,0.563862928,3327,1379,5.182242991,3.430348259,642,402,12,5,2,-11.23647621,-25.98144701,-0.017502299,-0.064630465,-2.100857343,-0.777031354,-0.003272363,-0.001932914,0.423676012,0.338308458,0.508379888,2953,1711,5.499068901,4.163017032,537,411,28,1,7,-44.78704806,-41.8132379,-0.083402324,-0.101735372,-1.937195294,-1.682545511,-0.00360744,-0.004093785,0.400372439,0.372262774,324,280,9,7,0,44
2001,TEN,0.546263345,3564,1794,6.341637011,3.833333333,562,468,17,1,8,47.59603493,-60.61759584,0.084690454,-0.129524777,0.280971004,-1.607192537,0.000499948,-0.003434172,0.446619217,0.337606838,0.554054054,4084,1433,6.898648649,3.52955665,592,406,13,3,6,100.36205,-59.67067392,0.16953049,-0.146972103,1.283258041,-1.422354749,0.002167666,-0.003503337,0.442567568,0.352216749,336,388,7,9,0,-52
2001,WAS,0.497881356,2489,1950,5.273305085,3.971486762,472,491,13,4,6,-60.93855069,-40.29134195,-0.129107099,-0.08205976,-0.510902029,-1.249320017,-0.00108242,-0.00254444,0.381355932,0.386965377,0.526104418,2977,1869,5.977911647,3.861570248,498,484,23,4,5,-45.9305863,-30.91459351,-0.092230093,-0.063873127,-2.472662386,-0.438210553,-0.004965186,-0.000905,0.411646586,0.373966942,256,303,8,8,0,-47
2002,ARI,0.493220339,2742,1824,4.647457627,4.416464891,590,413,22,4,9,-79.57354559,-33.07893616,-0.134870416,-0.080094276,-1.425750647,-1.629970347,-0.002416527,-0.003946659,0.389830508,0.355932203,0.604693141,3874,2151,6.992779783,4.444214876,554,484,17,4,2,85.12988465,-1.403998942,0.153664052,-0.002900824,0.726393382,0.337430091,0.001311179,0.00069717,0.463898917,0.431818182,262,417,5,11,0,-155
2002,ATL,0.52038835,3167,2367,6.149514563,4.632093933,515,511,12,7,6,19.8730476,2.514966403,0.038588442,0.004921656,-0.841679999,0.2004829,-0.00163433,0.000392334,0.401941748,0.426614481,0.506216696,3291,2052,5.845470693,4.684931507,563,438,24,7,6,-34.37017915,-24.58492425,-0.061048276,-0.056129964,0.713642347,-0.561899678,0.001267571,-0.001282876,0.403197158,0.385844749,402,314,9,6,1,88
2002,BAL,0.502879079,2849,1806,5.468330134,4.351807229,521,415,14,6,8,-36.50658334,-26.86972769,-0.070070218,-0.064746332,-1.172334115,-0.787630203,-0.002250161,-0.001897904,0.399232246,0.428915663,0.593080725,3593,1780,5.919275124,3.861171367,607,461,25,3,3,-14.72606501,-23.76906428,-0.024260404,-0.051559792,-2.562906673,-0.650244125,-0.004222252,-0.001410508,0.466227348,0.381778742,316,354,7,9,0,-38
2002,BUF,0.565217391,3995,1600,5.989505247,4.166666667,667,384,15,6,8,47.19743395,-34.28949484,0.070760771,-0.089295559,2.296959564,-1.043006637,0.003443717,-0.002716163,0.472263868,0.458333333,0.533206831,3069,2140,5.823529412,4.672489083,527,458,10,5,4,0.97974268,0.085291582,0.001859094,0.000186226,-1.110828563,0.224186716,-0.002107834,0.000489491,0.423149905,0.395196507,379,397,8,8,0,-18
2002,CAR,0.501968504,2694,1604,5.303149606,3.645454545,508,440,22,8,7,-93.17527391,-86.55009202,-0.183415894,-0.196704755,-2.794382427,-1.879899102,-0.005500753,-0.004272498,0.364173228,0.320454545,0.510452962,2993,1661,5.214285714,3.766439909,574,441,17,8,5,-60.43742776,-53.56751539,-0.105291686,-0.121468289,-2.27303433,-1.991999434,-0.00395999,-0.004517006,0.405923345,0.362811791,258,302,7,9,0,-44
2002,CHI,0.526315789,3051,1347,5.179966044,3.55408971,589,379,18,6,8,-85.8331439,-60.73875645,-0.1457269,-0.160260571,-2.084670174,-2.338880791,-0.003539338,-0.006171189,0.397283531,0.37994723,0.574614065,3532,2086,6.058319039,4.172,583,500,9,9,9,42.90357342,-55.88153628,0.073591035,-0.111763073,1.703651103,-0.632421029,0.002922215,-0.001264842,0.440823328,0.378,281,379,4,12,0,-98
2002,CIN,0.557324841,3476,1739,5.535031847,4.14047619,628,420,22,7,3,-76.85926891,1.560138827,-0.122387371,0.003714616,-2.399104686,-0.944399012,-0.00382023,-0.002248569,0.431528662,0.426190476,0.599164927,3262,2022,6.810020877,4.186335404,479,483,9,4,6,81.26007712,-21.16873748,0.169645255,-0.043827614,2.210048407,-0.986137046,0.00461388,-0.002041692,0.480167015,0.430641822,279,456,2,14,0,-177
2002,CLE,0.574829932,3414,1624,5.806122449,4.039800995,588,402,22,5,2,2.794992136,-17.08252658,0.004753388,-0.042493847,-0.557928832,-0.41268355,-0.000949,-0.001026576,0.421768707,0.390547264,0.551660517,3269,2087,6.031365314,4.393684211,542,475,17,6,2,3.537072792,-10.38526076,0.006525965,-0.021863707,-0.712544265,0.307522226,-0.001314657,0.000647415,0.420664207,0.385263158,344,320,9,7,0,24
2002,DAL,0.480916031,2621,1744,5.001908397,4.142517815,524,421,16,13,3,-119.2199641,-66.4109762,-0.227519016,-0.157745787,-2.681146506,-1.50790999,-0.005116692,-0.003581734,0.368320611,0.370546318,0.560402685,3449,1826,5.786912752,3.844210526,596,475,19,4,6,-13.67073021,-61.60644632,-0.022937467,-0.129697782,-0.244418118,-1.071383577,-0.00041,-0.002255544,0.458053691,0.366315789,217,329,5,11,0,-112
2002,DEN,0.59733777,3824,2277,6.362728785,5.093959732,601,447,20,2,5,33.69113645,36.10656429,0.056058463,0.080775312,-0.604748464,0.893591589,-0.001006237,0.001999086,0.499168053,0.48098434,0.590163934,3339,1495,5.473770492,4.018817204,610,372,9,7,3,15.21863733,-12.79908052,0.024948586,-0.03440613,-0.771155041,-0.215547428,-0.001264189,-0.000579,0.46557377,0.451612903,392,344,9,7,0,48
2002,DET,0.462437396,2994,1481,4.998330551,4.171830986,599,355,25,2,2,-121.0112041,-39.74694118,-0.202022044,-0.111963215,-3.487917511,-1.081887113,-0.005822901,-0.003047569,0.335559265,0.332394366,0.5936,4152,1985,6.6432,4.126819127,625,481,10,9,4,81.30757096,-12.03932697,0.130092114,-0.025029786,1.406573866,-0.436319131,0.002250518,-0.000907,0.488,0.424116424,306,451,3,13,0,-145
2002,GB,0.594728171,3627,1940,5.975288303,4.359550562,607,445,16,8,4,17.44605268,-25.07215724,0.028741438,-0.056341926,-0.001585335,0.128725083,-2.61E-06,0.00028927,0.472817133,0.375280899,0.498263889,2989,2003,5.189236111,4.873479319,576,411,24,10,9,-102.0035357,10.94951128,-0.177089472,0.026641147,-3.550354669,-0.488093511,-0.00616381,-0.001187575,0.381944444,0.454987835,398,328,12,4,0,70
2002,HOU,0.447619048,2229,1348,4.245714286,3.186761229,525,423,15,3,6,-127.1510477,-107.8352977,-0.242192472,-0.254929782,-2.935121834,-3.240333595,-0.005590708,-0.007660363,0.354285714,0.283687943,0.512773723,3143,2097,5.73540146,4.177290837,548,502,10,5,3,-31.10493188,-32.86207956,-0.056760825,-0.06546231,-1.313970352,0.100034037,-0.002397756,0.000199271,0.399635036,0.402390438,213,356,4,12,0,-143
2002,IND,0.635332253,4059,1571,6.578606159,3.679156909,617,427,19,8,3,50.3115682,-42.79421085,0.08154225,-0.100220634,-0.531051753,-0.471333855,-0.000861,-0.001103826,0.466774716,0.395784543,0.572564612,2919,2005,5.803180915,4.485458613,503,447,10,7,5,-8.010945229,-7.962153397,-0.015926332,-0.017812424,-0.996111364,-0.363173356,-0.001980341,-0.000812,0.44333996,0.436241611,349,313,10,6,0,36
2002,JAX,0.532803181,2766,2094,5.499005964,4.622516556,503,453,9,1,4,4.79504452,4.929074033,0.009532892,0.010880958,-0.644733059,-0.456673755,-0.001281775,-0.00100811,0.427435388,0.417218543,0.563734291,3266,2075,5.863554758,4.278350515,557,485,14,6,6,12.11361623,-1.215194548,0.021747965,-0.002505556,-0.223186877,0.364317044,-0.000401,0.000751169,0.456014363,0.441237113,328,315,6,10,0,13
2002,KC,0.579365079,3622,2380,7.186507937,5.129310345,504,464,13,0,1,97.35806589,60.70755726,0.193170766,0.130835253,0.206476701,2.286876982,0.000409676,0.004928614,0.454365079,0.49137931,0.62,4181,2077,6.432307692,4.819025522,650,431,18,7,5,66.93959798,38.79954645,0.102983997,0.09002215,2.644064817,0.715989291,0.004067792,0.001661228,0.496923077,0.468677494,467,399,8,8,0,68
2002,LA,0.599118943,4154,1407,6.099853157,4.126099707,681,341,27,10,7,-10.53715026,-48.01848035,-0.015473055,-0.140816658,-0.993611111,-0.300038118,-0.001459047,-0.00088,0.459618209,0.37829912,0.584,3209,1821,6.418,4.138636364,500,440,12,10,4,4.210122681,-17.13625766,0.008420245,-0.03894604,-1.145964518,0.057239047,-0.002291929,0.000130089,0.45,0.386363636,316,369,7,9,0,-53
2002,LAC,0.573451327,3190,2142,5.646017699,4.646420824,565,461,16,5,0,-10.68047223,13.17304103,-0.018903491,0.028574926,0.307346292,0.466618431,0.000543976,0.001012187,0.428318584,0.407809111,0.580495356,4297,1742,6.651702786,4.28009828,646,407,17,8,2,34.30523043,0.360785213,0.053104072,0.00088645,0.685388198,0.28624066,0.001060972,0.000703294,0.464396285,0.422604423,333,367,8,8,0,-34
2002,LV,0.636225266,4479,1765,6.817351598,4.390547264,657,402,10,5,1,126.2214999,26.21986003,0.19211796,0.065223532,2.39472356,1.18614289,0.003644937,0.002950604,0.538812785,0.44278607,0.560777958,3526,1456,5.714748784,3.811518325,617,382,21,3,6,-8.928407981,-42.55257174,-0.014470677,-0.111394167,-0.119561622,-0.120129712,-0.000194,-0.000314,0.439222042,0.405759162,450,304,11,5,0,146
2002,MIA,0.564583333,2890,2514,6.020833333,4.843930636,480,519,15,6,9,10.32565984,-5.206160843,0.021511791,-0.010031138,-0.456631287,-0.006646103,-0.000951,-1.28E-05,0.454166667,0.429672447,0.514886165,3106,1562,5.439579685,3.914786967,571,399,21,4,2,-66.79358713,-32.98258803,-0.11697651,-0.082663128,-1.049073713,-1.027229011,-0.001837257,-0.002574509,0.408056042,0.395989975,378,301,9,7,0,77
2002,MIN,0.555189456,3657,2510,6.024711697,5.306553911,607,473,23,9,6,20.64694718,58.7329867,0.03401474,0.124171219,0.352424405,1.823179545,0.0005806,0.003854502,0.453047776,0.458773784,0.584642234,4107,1669,7.167539267,4.246819338,573,393,16,4,3,113.734215,-41.15028867,0.198489031,-0.104708114,3.932326886,-0.490306196,0.0068627,-0.001247598,0.478184991,0.351145038,390,442,6,10,0,-52
2002,NE,0.584375,3581,1524,5.5953125,3.937984496,640,387,14,5,3,4.964808419,-13.69366405,0.007757513,-0.035384145,-0.024333512,-0.18859438,-3.80E-05,-0.000487,0.434375,0.431524548,0.555752212,3179,2204,5.626548673,4.791304348,565,460,18,8,4,-38.51543008,43.90402631,-0.068168903,0.095443535,-1.195884419,1.52594893,-0.00211661,0.00331728,0.437168142,0.45,381,346,9,7,0,35
2002,NO,0.502590674,3445,1780,5.949913644,4.228028504,579,421,15,9,4,-3.795557252,-9.008203615,-0.006555367,-0.021397158,-0.600411714,-0.226334958,-0.001036981,-0.000538,0.393782383,0.368171021,0.54015748,3809,2008,5.998425197,4.648148148,635,432,20,7,9,7.969192712,-20.31815949,0.01254991,-0.047032777,-1.512497714,-0.066297506,-0.002381886,-0.000153,0.420472441,0.393518519,432,388,9,7,0,44
2002,NYG,0.588850174,3945,1880,6.8728223,3.900414938,574,482,14,5,7,89.59667264,-87.10775782,0.156091764,-0.180721489,1.333756832,-1.727901853,0.002323618,-0.003584859,0.470383275,0.334024896,0.534364261,3127,1817,5.372852234,4.453431373,582,408,11,6,6,-19.59571156,-44.04699682,-0.033669607,-0.107958326,-0.935274821,-1.451598515,-0.001607001,-0.003557839,0.403780069,0.375,320,279,10,6,0,41
2002,NYJ,0.633911368,3422,1629,6.59344894,4.155612245,519,392,10,6,2,69.91019294,-18.90960186,0.134701721,-0.04823878,1.497049257,-0.949402073,0.002884488,-0.002421944,0.495183044,0.380102041,0.615780446,3492,1979,5.989708405,4.678486998,583,423,15,2,4,45.41899874,15.31868428,0.077905658,0.036214384,0.470020793,0.376474799,0.000806211,0.000890011,0.468267581,0.468085106,359,336,9,7,0,23
2002,PHI,0.542662116,3388,2231,5.781569966,4.638253638,586,481,11,9,4,3.029658655,-1.618948025,0.005170066,-0.003365796,-1.051770364,0.521342238,-0.00179483,0.001083872,0.433447099,0.432432432,0.537096774,3096,1665,4.993548387,4.280205656,620,389,15,8,12,-81.37442354,-71.31121663,-0.13124907,-0.183319323,-2.704121946,-1.933939341,-0.004361487,-0.004971566,0.408064516,0.367609254,415,241,12,4,0,174
2002,PIT,0.593220339,3842,2129,6.511864407,4.224206349,590,504,22,6,5,24.30881482,-22.13903487,0.041201381,-0.043926656,1.210364891,-0.7504144,0.002051466,-0.001488917,0.477966102,0.378968254,0.536741214,3462,1384,5.530351438,3.965616046,626,349,19,6,6,-26.71151879,-19.4212443,-0.042670158,-0.055648264,-1.623963713,-0.469662885,-0.002594191,-0.001345739,0.420127796,0.358166189,390,345,10,5,1,45
2002,SEA,0.582258065,4078,1744,6.577419355,4.065268065,620,429,16,9,3,35.54169464,-16.90633829,0.057325314,-0.039408714,-0.032045433,0.097378541,-5.17E-05,0.00022699,0.453225806,0.398601399,0.549657534,3415,2439,5.84760274,4.947261663,584,493,19,2,7,40.82473637,6.790713196,0.06990537,0.013774266,1.142421614,0.876105378,0.001956201,0.00177709,0.446917808,0.45030426,355,369,7,9,0,-14
2002,SF,0.597972973,3459,2260,5.842905405,4.74789916,592,476,10,1,5,70.83551786,35.06611993,0.119654591,0.073668319,2.145163756,1.745025694,0.003623587,0.00366602,0.449324324,0.457983193,0.582191781,3498,1660,5.989726027,4.278350515,584,388,19,3,3,54.67352671,-17.88763504,0.093619053,-0.046102152,0.527091474,-1.147453347,0.000902554,-0.002957354,0.45890411,0.368556701,367,351,10,6,0,16
2002,TB,0.569558101,3449,1561,5.644844517,3.807317073,611,410,10,6,4,-1.775687832,-47.89571736,-0.002906199,-0.116818823,-1.041088223,-1.073134595,-0.001703909,-0.002617401,0.450081833,0.370731707,0.469202899,2462,1562,4.460144928,3.885572139,552,402,31,5,0,-184.5618327,-26.25904367,-0.334351146,-0.065321004,-4.722791938,-0.910313372,-0.008555782,-0.002264461,0.324275362,0.335820896,346,196,12,4,0,150
2002,TEN,0.585086042,3320,1972,6.347992352,3.959839357,523,498,15,7,3,56.16118006,-16.0025769,0.107382753,-0.032133689,1.712342431,0.318373382,0.003274077,0.000639304,0.481835564,0.413654618,0.559405941,3546,1422,5.851485149,3.885245902,606,366,18,5,3,27.74454958,-57.81593536,0.045783085,-0.157967037,0.139791503,-1.878190054,0.000230679,-0.005131667,0.433993399,0.366120219,367,324,11,5,0,43
2003,ARI,0.525129983,2959,1534,5.128249567,3.797029703,577,404,22,7,5,-108.2518455,-65.74808444,-0.187611517,-0.162742783,-1.489667408,-1.784837837,-0.002581746,-0.004417915,0.383015598,0.381188119,0.6003861,3589,1924,6.928571429,4.137634409,518,465,13,5,6,93.94813894,-20.10932383,0.181367064,-0.043245858,1.442575634,-0.234850894,0.002784895,-0.000505,0.494208494,0.406451613,225,452,4,12,0,-227
2003,ATL,0.464646465,2408,1963,4.864646465,4.662707838,495,421,21,3,2,-136.6701162,18.93048586,-0.276101245,0.044965525,-2.892802065,0.503643465,-0.005844045,0.001196303,0.343434343,0.427553444,0.590493601,3804,2326,6.954296161,4.795876289,547,485,15,7,9,53.98746147,-13.42255712,0.09869737,-0.027675376,-0.360839535,0.635267443,-0.00066,0.00130983,0.453382084,0.404123711,299,422,5,11,0,-123
2003,BAL,0.476923077,2261,2684,4.969230769,4.95202952,455,542,19,5,12,-66.89981446,-34.71559663,-0.147032559,-0.064050916,-1.82976359,-1.295000121,-0.004021458,-0.002389299,0.384615385,0.383763838,0.512998267,2805,1545,4.86135182,3.503401361,577,441,24,8,4,-123.9427569,-80.56048973,-0.214805471,-0.182676847,-3.88986675,-2.47266078,-0.006741537,-0.005606941,0.388214905,0.344671202,391,281,10,6,0,110
2003,BUF,0.528880866,2684,1675,4.844765343,4.007177033,554,418,17,10,6,-89.95251498,-30.48552385,-0.162369161,-0.072931875,-2.40229451,-1.041573489,-0.004336272,-0.002491803,0.397111913,0.385167464,0.521978022,2709,1617,4.961538462,3.530567686,546,458,10,5,3,-60.57585853,-41.77533926,-0.110944796,-0.091212531,-0.998725012,-0.506148881,-0.001829167,-0.001105129,0.412087912,0.388646288,243,279,6,10,0,-36
2003,CAR,0.553278689,3050,2103,6.25,4.107421875,488,512,16,8,6,-18.07553604,-58.49804007,-0.037040033,-0.114253985,0.051587678,-0.667644789,0.000105712,-0.001303994,0.422131148,0.361328125,0.532976827,3003,1725,5.352941176,3.993055556,561,432,16,2,6,-30.57056561,-50.45697517,-0.054492987,-0.116798554,-0.085778877,-1.549039554,-0.000153,-0.00358574,0.408199643,0.372685185,325,304,11,5,0,21
2003,CHI,0.490942029,2617,1774,4.740942029,4.050228311,552,438,20,6,1,-115.3654164,11.2791797,-0.20899532,0.025751552,-2.413907158,0.080669481,-0.00437302,0.000184177,0.362318841,0.406392694,0.600368324,3088,1874,5.686924494,4.259090909,543,440,15,2,1,-10.81445662,-18.15579404,-0.019916126,-0.041263168,-0.873066387,-0.385718242,-0.001607857,-0.000877,0.44014733,0.397727273,283,346,7,9,0,-63
2003,CIN,0.583783784,3342,2003,6.021621622,4.298283262,555,466,15,4,1,48.70027247,-5.179578828,0.087748239,-0.011114976,1.219741903,0.293163277,0.002197733,0.000629106,0.473873874,0.388412017,0.551020408,3406,2228,6.319109462,4.92920354,539,452,14,5,5,49.95272664,16.9894908,0.092676673,0.037587369,1.121718952,0.273433222,0.002081111,0.000604941,0.460111317,0.444690265,346,384,8,8,0,-38
2003,CLE,0.568058076,2834,1676,5.143375681,4.128078818,551,406,18,6,7,-72.03330496,-49.87946395,-0.130731951,-0.122855823,-1.922050929,-1.625750946,-0.003488296,-0.004004313,0.42831216,0.399014778,0.556179775,2846,2122,5.329588015,4.736607143,534,448,15,4,1,-22.56032737,4.53912474,-0.042247804,0.010131975,-0.572670362,0.555989871,-0.001072416,0.001241049,0.43258427,0.395089286,254,322,5,11,0,-68
2003,DAL,0.539449541,3162,2007,5.801834862,3.958579882,545,507,21,3,5,-48.03117551,-46.26136208,-0.088130597,-0.09124529,-1.130179006,-0.588307305,-0.002073723,-0.001160369,0.394495413,0.394477318,0.456978967,2633,1430,5.034416826,3.479318735,523,411,13,4,5,-78.49713128,-59.64532722,-0.150090117,-0.145122451,-2.043999681,-1.638893379,-0.003908221,-0.003987575,0.353728489,0.338199513,289,260,10,6,0,29
2003,DEN,0.56,2969,2645,5.938,4.990566038,500,530,18,1,3,-11.70033571,44.39582322,-0.023400671,0.083765704,-0.434009999,1.553830717,-0.000868,0.002931756,0.44,0.430188679,0.497185741,2830,1613,5.30956848,4.312834225,533,374,9,3,7,-46.55334173,-28.16723217,-0.087342105,-0.075313455,-1.093342704,-0.630835496,-0.0020513,-0.001686726,0.358348968,0.401069519,381,301,10,6,0,80
2003,DET,0.534338358,2928,1347,4.904522613,3.670299728,597,367,24,1,1,-108.5314662,-55.95752391,-0.181794751,-0.152472817,-2.101900536,-1.777705949,-0.003520771,-0.004843885,0.371859296,0.335149864,0.60511883,3578,1794,6.541133455,4.124137931,547,435,15,7,4,34.64356432,-39.25744095,0.063333756,-0.090246991,0.230707182,-0.761726531,0.000421768,-0.001751095,0.468007313,0.390804598,270,379,5,11,0,-109
2003,GB,0.627530364,3244,2562,6.566801619,5.083333333,494,504,21,3,6,49.84879194,13.35568456,0.100908486,0.026499374,-0.016537413,0.734423656,-3.35E-05,0.00145719,0.487854251,0.430555556,0.526655897,3402,1705,5.495961228,4.168704156,619,409,21,5,4,-66.63731055,-16.04132314,-0.107653167,-0.039220839,0.122545365,-0.600813969,0.000197973,-0.001468983,0.387722132,0.400977995,442,307,10,6,0,135
2003,HOU,0.525423729,2655,1660,5.625,3.971291866,472,418,18,3,5,-60.01063803,-27.2274627,-0.127141182,-0.065137471,-1.402553826,-1.25010635,-0.002971512,-0.002990685,0.402542373,0.35645933,0.568965517,3712,2379,7.111111111,4.540076336,522,524,14,3,5,61.29956299,-17.39921574,0.117432113,-0.03320461,1.225216139,0.469724919,0.002347157,0.000896422,0.45210728,0.408396947,255,380,5,11,0,-125
2003,IND,0.646859083,4181,1706,7.098471986,3.851015801,589,443,10,5,4,128.2324552,-27.25307521,0.217712148,-0.061519357,3.383830325,-0.881885649,0.005745043,-0.001990713,0.502546689,0.39503386,0.583157895,2811,1991,5.917894737,4.630232558,475,430,15,8,4,-23.30930065,20.61780515,-0.049072212,0.047948384,-0.876150336,-0.00771249,-0.001844527,-1.79E-05,0.44,0.420930233,447,336,12,4,0,111
2003,JAX,0.55801105,3285,2073,6.049723757,4.300829876,543,482,17,6,6,-26.18095036,-24.09990698,-0.048215378,-0.049999807,-1.964890728,0.126019369,-0.003618583,0.000261451,0.419889503,0.383817427,0.56741573,3253,1414,6.0917603,3.265588915,534,433,15,7,6,57.16762141,-82.37281113,0.107055471,-0.190237439,1.856038165,-1.37529668,0.003475727,-0.003176205,0.447565543,0.355658199,276,331,5,11,0,-55
2003,KC,0.605357143,3981,1938,7.108928571,4.475750577,560,433,12,3,1,86.06340308,41.62944347,0.153684648,0.096141902,1.965551631,1.198517683,0.003509914,0.002767939,0.460714286,0.501154734,0.561759729,3363,2352,5.69035533,5.285393258,591,445,25,4,4,-40.79549477,24.65547994,-0.06902791,0.055405573,-0.741034282,0.154885385,-0.001253865,0.000348057,0.448392555,0.420224719,484,332,13,3,0,152
2003,LA,0.587227414,3961,1509,6.169781931,3.763092269,642,401,23,12,0,12.74136761,-17.06765067,0.019846367,-0.04256272,-0.172772515,-0.135171703,-0.000269,-0.000337,0.450155763,0.3840399,0.536231884,3072,1985,5.565217391,4.877149877,552,407,24,12,7,-132.2575903,-12.91505183,-0.239597084,-0.031732314,-3.790430349,-1.040259124,-0.006866722,-0.002555919,0.402173913,0.41031941,447,328,12,4,0,119
2003,LAC,0.540983607,3025,2151,5.510018215,5.208232446,549,413,19,7,4,-58.79888736,27.79626049,-0.107101798,0.067303294,-1.761144781,0.08342352,-0.003207914,0.000201994,0.384335155,0.426150121,0.587591241,3375,2229,6.158759124,4.387795276,548,508,13,3,3,61.18178347,20.86915692,0.11164559,0.041081018,0.541044527,1.039794456,0.000987308,0.002046839,0.441605839,0.442913386,313,441,4,12,0,-128
2003,LV,0.497316637,2751,1825,4.921288014,4.355608592,559,419,14,4,5,-96.42885328,-6.139795341,-0.172502421,-0.01465345,-2.958722565,-0.210817892,-0.005292885,-0.000503,0.370304114,0.386634845,0.582484725,3398,2526,6.920570265,4.730337079,491,534,14,5,5,25.71093405,13.83074361,0.052364428,0.025900269,0.032333649,0.717405045,6.59E-05,0.001343455,0.415478615,0.421348315,270,379,4,12,0,-109
2003,MIA,0.534303534,2792,1825,5.804573805,3.810020877,481,479,19,10,4,-58.78014621,-39.04970631,-0.122204046,-0.081523395,-1.69240165,-0.880492481,-0.003518507,-0.001838189,0.417879418,0.352818372,0.558669002,3335,1463,5.840630473,3.394431555,571,431,22,7,4,-60.20930631,-76.76952942,-0.10544537,-0.178119558,-1.47819755,-2.579222029,-0.002588787,-0.005984274,0.418563923,0.334106729,311,261,10,6,0,50
2003,MIN,0.594642857,3955,2348,7.0625,4.81147541,560,488,13,6,5,83.66396672,14.94934076,0.149399941,0.030633895,1.829642956,0.456810707,0.00326722,0.000936088,0.480357143,0.446721311,0.544658494,3479,1881,6.092819615,4.873056995,571,386,28,2,4,-30.2369786,0.080817591,-0.052954428,0.000209372,-0.307415889,-0.384150221,-0.000538,-0.000995,0.446584939,0.404145078,416,353,9,7,0,63
2003,NE,0.563380282,3432,1625,6.042253521,3.571428571,568,455,13,6,5,19.94060752,-72.97367718,0.035106703,-0.160381708,1.148458399,-1.609023764,0.002021934,-0.003536316,0.427816901,0.362637363,0.499238965,3234,1437,4.922374429,3.610552764,657,398,29,7,4,-137.7496591,-39.61661229,-0.209664626,-0.099539227,-3.637774112,-2.109553849,-0.005536947,-0.005300387,0.378995434,0.391959799,348,238,14,2,0,110
2003,NO,0.551845343,3440,2008,6.0456942,4.584474886,569,438,8,10,9,12.16813681,-35.49062627,0.021385126,-0.081028827,0.449086083,-1.478681314,0.000789255,-0.003375985,0.451669596,0.374429224,0.511627907,2993,2252,5.800387597,4.811965812,516,468,14,7,3,-18.55398241,-0.505094192,-0.03595733,-0.001079261,-1.237344424,0.489142559,-0.002397954,0.001045176,0.410852713,0.416666667,340,326,8,8,0,14
2003,NYG,0.523592085,3383,1570,5.149162861,4.09921671,657,383,20,9,7,-85.18739766,-54.62143489,-0.129661184,-0.142614712,-1.558724574,-1.297397974,-0.002372488,-0.003387462,0.412480974,0.417754569,0.548845471,3414,1928,6.063943162,4.041928721,563,477,10,9,3,37.03254968,-35.47733351,0.065777175,-0.074375961,0.840509941,-1.360759299,0.001492913,-0.002852745,0.451154529,0.36687631,243,387,4,12,0,-144
2003,NYJ,0.590909091,3318,1642,6.284090909,4.074441687,528,403,14,3,3,13.39437412,-26.74940156,0.025368133,-0.066375686,-0.179594292,-0.921375393,-0.00034,-0.002286291,0.424242424,0.399503722,0.573469388,3025,2309,6.173469388,4.348399247,490,531,11,4,5,18.82788553,2.765991908,0.038424256,0.005209024,0.723006933,0.675278818,0.001475524,0.001271712,0.451020408,0.442561205,283,299,6,10,0,-16
2003,PHI,0.531428571,3020,2025,5.752380952,4.987684729,525,406,11,4,4,-7.423133231,28.10793769,-0.014139301,0.069231374,-0.149265847,1.051972328,-0.000284,0.002591065,0.403809524,0.445812808,0.563545151,3238,2078,5.414715719,4.557017544,598,456,13,10,2,-44.29296113,9.169127189,-0.074068497,0.020107735,-2.550374161,0.12922615,-0.00426484,0.000283391,0.419732441,0.462719298,374,287,12,4,0,87
2003,PIT,0.535901926,3304,1497,5.786339755,3.402272727,571,440,17,4,5,-24.14843293,-71.89362651,-0.042291476,-0.163394606,-1.676161361,-1.751536518,-0.002935484,-0.003980765,0.434325744,0.381818182,0.571984436,3042,1757,5.918287938,4.029816514,514,436,14,3,7,-5.367398734,-61.37171676,-0.01044241,-0.140760818,0.102697554,-1.482062224,0.000199801,-0.003399225,0.410505837,0.353211009,300,327,6,10,0,-27
2003,SEA,0.563055062,3618,2019,6.426287744,4.557562077,563,443,16,4,5,63.25865864,1.137015279,0.112359962,0.002566626,-0.103486871,0.328145342,-0.000184,0.000740734,0.477797513,0.428893905,0.560457516,3480,1767,5.68627451,3.917960089,612,451,16,6,6,23.17589747,-49.10683435,0.037869114,-0.108884333,0.423459482,-1.133636114,0.000691927,-0.002513606,0.450980392,0.394678492,404,327,10,6,0,77
2003,SF,0.55679702,3410,2290,6.35009311,4.692622951,537,488,15,3,6,39.93894861,-21.98099384,0.074374206,-0.04504302,-0.382654292,-0.218871799,-0.000713,-0.000449,0.446927374,0.420081967,0.557553957,3238,1697,5.823741007,4.108958838,556,413,23,7,1,-37.89949362,-16.03100797,-0.068164557,-0.038816,-0.257454686,-0.249598912,-0.000463,-0.000604,0.420863309,0.370460048,384,337,7,9,0,47
2003,TB,0.6,3807,1657,6.190243902,4.002415459,615,414,22,7,2,20.43037554,-53.94242125,0.033220123,-0.130295704,-0.662814032,-1.174379639,-0.001077746,-0.002836666,0.45203252,0.359903382,0.539370079,2710,1760,5.334645669,3.946188341,508,446,20,6,5,-66.25487691,-50.49339457,-0.130422986,-0.113213889,-1.342068554,-0.628518072,-0.002641867,-0.001409233,0.393700787,0.356502242,301,264,7,9,0,37
2003,TEN,0.6,3880,1641,7.39047619,3.469344609,525,473,9,7,3,114.0993364,-67.30535591,0.217332069,-0.142294621,3.318857235,-1.058908351,0.006321633,-0.002238707,0.502857143,0.34038055,0.569468268,3606,1301,6.185248714,3.88358209,583,335,21,7,2,-53.24598353,-31.59236777,-0.091331018,-0.094305575,-1.936911169,-0.59844084,-0.003322318,-0.001786391,0.439108062,0.367164179,435,324,12,4,0,111
2003,WAS,0.493891798,3010,1661,5.253054101,4.021791768,573,413,16,8,3,-49.16009933,-21.33122904,-0.08579424,-0.051649465,-1.36411893,-0.8403241,-0.002380661,-0.002034683,0.394415358,0.401937046,0.558823529,3195,2234,6.264705882,4.577868852,510,488,17,4,6,24.24727893,15.45466792,0.047543684,0.031669401,0.11592863,0.510575896,0.000227311,0.001046262,0.437254902,0.426229508,287,372,5,11,0,-85
2004,ARI,0.520905923,2882,1684,5.020905923,3.605995717,574,467,18,6,3,-77.34437527,-45.84488878,-0.134746298,-0.098168927,-2.761598476,-1.716165191,-0.004811147,-0.003674872,0.386759582,0.344753747,0.496336996,3040,2124,5.567765568,4.849315068,546,438,15,6,9,-31.51521907,-41.41646639,-0.057720181,-0.094558142,-2.343145201,-0.776944915,-0.004291475,-0.001773847,0.399267399,0.376712329,284,322,6,10,0,-38
2004,ATL,0.488738739,2412,2692,5.432432432,5.299212598,444,508,16,9,4,-95.7932244,54.17079542,-0.215750505,0.106635424,-1.669871501,1.263932764,-0.003760972,0.002488057,0.367117117,0.438976378,0.578483245,3528,1692,6.222222222,4,567,423,19,6,6,-7.196021743,-20.49114066,-0.012691396,-0.048442413,-1.777138994,-1.104713411,-0.003134284,-0.002611616,0.465608466,0.423167849,340,337,11,5,0,3
2004,BAL,0.524390244,2312,2081,4.699186992,4.371848739,492,476,11,7,3,-82.13752215,-29.9236376,-0.166946183,-0.062864785,-1.274869778,-0.710479966,-0.002591199,-0.001492605,0.37804878,0.382352941,0.513011152,3122,1693,5.802973978,3.69650655,538,458,21,8,4,-102.8450497,-42.66049683,-0.191161802,-0.09314519,-1.914500809,-1.533503217,-0.003558552,-0.00334826,0.394052045,0.388646288,317,268,9,7,0,49
2004,BUF,0.535787321,2817,1882,5.760736196,3.945492662,489,477,17,5,5,-7.571000681,-63.7928876,-0.015482619,-0.13373771,-0.553466959,-1.451241774,-0.001131834,-0.003042436,0.431492843,0.371069182,0.490601504,2626,1614,4.936090226,3.684931507,532,438,24,6,7,-77.58691581,-86.65224599,-0.145840067,-0.197836178,-1.236491958,-2.20360022,-0.002324233,-0.005031051,0.37406015,0.347031963,395,284,9,7,0,111
2004,CAR,0.544658494,3647,1590,6.38704028,3.831325301,571,415,15,5,3,61.74395594,-38.36788875,0.108133023,-0.092452744,1.68527143,-1.087142238,0.002951439,-0.00261962,0.450087566,0.368674699,0.552919708,3478,1921,6.346715328,4.203501094,548,457,26,8,4,-7.060584232,-14.95168419,-0.012884278,-0.032717033,0.558914202,-0.1789623,0.001019916,-0.000392,0.45620438,0.393873085,355,339,7,9,0,16
2004,CHI,0.463687151,2192,1630,4.081936685,3.835294118,537,425,16,11,7,-178.4677186,-65.59222107,-0.33234212,-0.154334638,-5.409528509,-1.862056048,-0.01007361,-0.004381308,0.309124767,0.392941176,0.52276867,3340,2063,6.083788707,4.288981289,549,481,17,5,8,-52.03228819,-56.58825483,-0.094776481,-0.117647099,-1.772009223,-1.374409193,-0.003227704,-0.0028574,0.400728597,0.392931393,231,331,5,11,0,-100
2004,CIN,0.576512456,3301,1851,5.87366548,4.334894614,562,427,22,3,7,-28.66640507,-38.9537669,-0.051007838,-0.09122662,-0.77290094,-1.568063887,-0.001375269,-0.003672281,0.439501779,0.407494145,0.567028986,3303,2076,5.983695652,4.513043478,552,460,20,6,6,-30.86967623,-25.55309882,-0.055923327,-0.055550215,-1.294653749,-0.572770865,-0.002345387,-0.001245154,0.434782609,0.443478261,374,372,8,8,0,2
2004,CLE,0.521829522,2826,1666,5.875259875,3.838709677,481,434,21,6,10,-62.40117823,-89.29733869,-0.129732179,-0.205754237,-2.702097202,-2.041988063,-0.005617666,-0.004705042,0.388773389,0.366359447,0.56300813,2901,2331,5.896341463,4.543859649,492,513,15,3,6,-10.88174496,12.47610238,-0.022117368,0.024319888,-1.248527913,0.841214765,-0.002537658,0.001639795,0.432926829,0.475633528,276,390,4,12,0,-114
2004,DAL,0.558983666,3430,1770,6.225045372,3.942093541,551,449,23,10,4,-26.24478923,-36.09669368,-0.047631196,-0.080393527,-1.453842793,-0.485467296,-0.002638553,-0.001081219,0.448275862,0.389755011,0.577281192,3525,1772,6.56424581,4.24940048,537,417,13,5,2,61.86318164,0.533499334,0.115201456,0.001279375,0.351344739,-0.012870904,0.000654273,-3.09E-05,0.458100559,0.393285372,293,405,6,10,0,-112
2004,DEN,0.5684803,3999,2346,7.502814259,4.511538462,533,520,20,2,6,57.17833352,-7.897493933,0.107276423,-0.015187488,0.711674881,-0.587763633,0.001335225,-0.001130315,0.467166979,0.434615385,0.519083969,2947,1518,5.624045802,3.882352941,524,391,12,5,2,-37.90969625,-35.26938815,-0.072346749,-0.090203039,-1.577138551,-0.845125291,-0.003009806,-0.002161446,0.374045802,0.391304348,381,304,10,6,0,77
2004,DET,0.527777778,2918,1787,5.403703704,4.512626263,540,396,13,5,1,-71.49120661,-0.924401681,-0.132391123,-0.002334348,-1.702215173,-0.309739437,-0.00315225,-0.000782,0.387037037,0.404040404,0.570434783,3516,1897,6.114782609,3.895277207,575,487,14,7,2,38.72263289,-35.5664296,0.067343709,-0.073031683,1.006129471,-0.184918788,0.00174979,-0.00038,0.445217391,0.406570842,296,350,6,10,0,-54
2004,GB,0.626229508,4453,1922,7.3,4.490654206,610,428,19,3,6,140.2006276,-24.99608181,0.229837094,-0.05840206,2.957391207,-0.755826036,0.004848182,-0.001765949,0.503278689,0.401869159,0.562724014,3663,1886,6.564516129,4.703241895,558,401,8,4,2,71.99629607,-0.968714205,0.12902562,-0.002415746,0.470348311,0.289055928,0.000842918,0.000720838,0.460573477,0.401496259,424,380,10,6,0,44
2004,HOU,0.552123552,3246,1892,6.266409266,3.983157895,518,475,14,5,5,20.63760158,-45.67747174,0.03984093,-0.096163098,0.432554718,-1.414276566,0.000835048,-0.002977424,0.447876448,0.364210526,0.620938628,3615,1853,6.525270758,4.530562347,554,409,22,5,3,13.67087986,-21.66166054,0.024676678,-0.052962495,0.741002231,-0.539815639,0.001337549,-0.001319843,0.471119134,0.408312958,309,339,7,9,0,-30
2004,IND,0.654916512,4623,1874,8.576994434,4.559610706,539,411,10,3,4,209.2631187,-1.516539104,0.388243263,-0.003689876,5.241874627,0.231883635,0.009725185,0.000564194,0.564007421,0.476885645,0.607679466,3896,2046,6.504173623,4.72517321,599,433,19,8,6,52.66333536,-24.35984127,0.087918757,-0.056258294,2.601317447,-0.717139419,0.004342767,-0.001656211,0.497495826,0.406466513,522,351,12,4,0,171
2004,JAX,0.555555556,3167,1853,5.76867031,4.182844244,549,443,11,7,3,-8.351494286,-36.19612551,-0.015212194,-0.08170683,1.23915742,-0.467929078,0.002257117,-0.001056273,0.406193078,0.372460497,0.57518797,3359,1783,6.313909774,4.098850575,532,435,16,7,5,18.40436345,-33.04643602,0.034594668,-0.075968818,0.73840826,-0.63964914,0.001387985,-0.001470458,0.453007519,0.377011494,261,280,9,7,0,-19
2004,KC,0.623946037,4408,2298,7.433389545,4.728395062,593,486,17,5,4,137.3116017,51.87803991,0.231554134,0.106744938,2.853226958,0.26835851,0.004811513,0.000552178,0.505902192,0.5,0.553191489,4205,1849,7.455673759,4.82767624,564,383,13,3,4,101.5893693,22.02801279,0.180122995,0.057514394,2.611535373,1.290485305,0.004630382,0.003369413,0.432624113,0.441253264,483,435,7,9,0,48
2004,LA,0.592356688,4255,1632,6.775477707,4.272251309,628,382,22,13,2,16.01522595,-7.363510623,0.025501952,-0.019276206,1.494876672,0.274261548,0.002380377,0.000717962,0.460191083,0.421465969,0.553030303,3176,2197,6.015151515,4.745140389,528,463,6,5,3,39.21527358,-4.222979739,0.074271351,-0.009120907,0.215836133,0.341662018,0.000408781,0.000737931,0.4375,0.397408207,319,392,8,8,0,-73
2004,LAC,0.614072495,3357,2199,7.157782516,4.320235756,469,509,8,4,4,128.9587399,10.5441432,0.27496533,0.020715409,2.599216734,0.446820591,0.00554204,0.00087784,0.488272921,0.41453831,0.586750789,4055,1314,6.395899054,3.732954545,634,352,23,6,3,7.467932798,-15.29953391,0.011779074,-0.043464585,-0.445090957,-0.804648233,-0.000702,-0.002285932,0.441640379,0.420454545,446,313,12,4,0,133
2004,LV,0.537459283,3860,1301,6.286644951,4.065625,614,320,22,7,3,-12.63630898,-27.50356159,-0.020580308,-0.08594863,-0.22775738,-0.767368348,-0.000371,-0.002398026,0.418566775,0.371875,0.58988764,3926,2025,7.352059925,3.857142857,534,525,9,5,4,138.0949336,-38.0190142,0.258604745,-0.07241717,3.231012232,-1.065476443,0.006050585,-0.002029479,0.503745318,0.415238095,320,442,5,11,0,-122
2004,MIA,0.481308411,3069,1346,4.780373832,3.570291777,642,377,26,9,4,-144.2243142,-56.31818957,-0.224648464,-0.149385118,-5.916663434,-2.259025065,-0.009215987,-0.005992109,0.358255452,0.323607427,0.520255864,2592,2316,5.526652452,4.411428571,469,525,15,3,6,-32.13889046,-30.85324031,-0.068526419,-0.058768077,-2.188905577,-0.834621863,-0.004667176,-0.001589756,0.396588486,0.380952381,275,354,4,12,0,-79
2004,MIN,0.635451505,4520,1836,7.558528428,4.882978723,598,376,12,2,6,172.2411106,-8.088454061,0.288028613,-0.021511846,3.817452663,0.022473028,0.0063837,5.98E-05,0.52173913,0.462765957,0.582758621,3898,2016,6.720689655,4.721311475,580,427,11,8,3,99.70694732,17.15043143,0.17190853,0.040164945,1.710256184,0.899951087,0.002948718,0.002107614,0.498275862,0.454332553,405,395,8,8,0,10
2004,NE,0.575638507,3588,2162,7.049115914,4.341365462,509,498,14,6,6,115.141451,-13.51924652,0.226211102,-0.027147081,1.830126933,0.362154435,0.003595534,0.000727218,0.485265226,0.441767068,0.537542662,3402,1580,5.805460751,3.940149626,586,401,20,6,9,-34.52437786,-59.28209145,-0.058915321,-0.14783564,-1.404105433,-2.12905935,-0.002396084,-0.005309375,0.407849829,0.406483791,437,260,14,2,0,177
2004,NO,0.528205128,3589,1617,6.135042735,4.093670886,585,395,16,3,6,13.75232393,-51.24712056,0.023508246,-0.129739546,0.691202366,-1.319723477,0.001181543,-0.003341072,0.41025641,0.364556962,0.55862069,3892,2266,6.710344828,4.800847458,580,472,13,12,7,49.1336922,3.545469521,0.084713262,0.007511588,0.243333609,0.409138677,0.000419541,0.000866819,0.45,0.413135593,348,405,8,8,0,-57
2004,NYG,0.513358779,2818,1908,5.377862595,4.532066508,524,421,13,5,4,-35.04466407,-6.633424109,-0.06687913,-0.015756352,-2.093743916,0.451535717,-0.003995694,0.001072531,0.425572519,0.425178147,0.57480315,3032,2172,5.968503937,4.515592516,508,481,14,6,8,41.63520721,-39.78267237,0.081959069,-0.082708259,0.350840087,-0.281005347,0.00069063,-0.000584,0.476377953,0.405405405,303,347,6,10,0,-44
2004,NYJ,0.597457627,3050,2400,6.461864407,4.651162791,472,516,11,3,1,11.78247291,28.91726773,0.024962866,0.056041217,-0.546129416,0.629662292,-0.001157054,0.001220276,0.449152542,0.46124031,0.5463138,3312,1579,6.260869565,3.750593824,529,421,19,8,3,8.251524891,-69.43125653,0.015598346,-0.164919849,0.138992085,-2.436686898,0.000262745,-0.005787855,0.440453686,0.342042755,333,261,10,6,0,72
2004,PHI,0.574358974,3979,1658,6.801709402,4.657303371,585,356,11,9,1,68.10226689,0.082682291,0.116414131,0.000232254,0.598064246,0.421584571,0.001022332,0.001184226,0.454700855,0.424157303,0.561344538,3214,1910,5.401680672,4.360730594,595,438,17,3,4,-15.3466374,-18.28396781,-0.025792668,-0.041744219,-0.987876595,-0.954467327,-0.001660297,-0.002179149,0.410084034,0.399543379,386,260,13,3,0,126
2004,PIT,0.578680203,2720,2499,6.903553299,4.264505119,394,586,13,5,3,34.8010605,-1.321394865,0.088327565,-0.00225494,0.930941424,0.629537004,0.002362795,0.001074295,0.484771574,0.416382253,0.516314779,2837,1303,5.445297505,3.69121813,521,353,19,8,3,-74.45852058,-42.89171024,-0.142914627,-0.121506261,-2.362659987,-1.908863469,-0.004534856,-0.005407545,0.393474088,0.368271955,372,251,15,1,0,121
2004,SEA,0.537102473,3541,2112,6.256183746,4.693333333,566,450,18,5,4,31.13070544,-6.985501544,0.055001246,-0.015523337,-0.134357962,0.176955005,-0.000237,0.000393233,0.446996466,0.428888889,0.577249576,3590,2039,6.095076401,4.551339286,589,448,23,8,4,-10.40002888,3.736670793,-0.017657095,0.008340783,-1.631561397,-0.441393431,-0.002770053,-0.000985,0.444821732,0.408482143,371,373,9,7,0,-2
2004,SF,0.526742301,3140,1452,5.089141005,3.515738499,617,413,21,11,8,-95.37444629,-79.71419238,-0.154577709,-0.193012572,-3.256742666,-3.002313071,-0.005278351,-0.007269523,0.413290113,0.305084746,0.592307692,3486,2016,6.703846154,4.191268191,520,481,9,5,5,64.52025821,-5.165894263,0.12407742,-0.010739905,0.678827601,-0.229349238,0.001305438,-0.000477,0.451923077,0.442827443,259,452,2,14,0,-193
2004,TB,0.610412926,3476,1501,6.240574506,3.960422164,557,379,18,9,9,6.083771366,-72.58438114,0.01092239,-0.191515518,-1.455171143,-2.252618699,-0.002612516,-0.005943585,0.468581688,0.361477573,0.513513514,2579,1978,5.361746362,4.172995781,481,474,16,6,3,-59.1043486,-33.49624701,-0.122878064,-0.070667188,-0.451488359,-0.835426419,-0.000939,-0.001762503,0.384615385,0.367088608,301,304,5,11,0,-3
2004,TEN,0.565079365,3616,1879,5.73968254,4.527710843,630,415,19,5,6,-7.108294798,-25.00335293,-0.011283008,-0.060249043,-0.724534227,-0.081070865,-0.001150054,-0.000195,0.426984127,0.375903614,0.602169982,3809,1932,6.887884268,4.746928747,553,407,18,6,4,55.31427228,9.04491877,0.100025809,0.022223388,0.960892117,-0.10485906,0.001737599,-0.000258,0.473779385,0.407862408,344,439,5,11,0,-95
2004,WAS,0.52079566,2634,1770,4.763110307,3.822894168,553,463,17,4,5,-68.30497205,-62.98640243,-0.123517128,-0.136039746,-2.649953516,-1.728070088,-0.004791959,-0.003732333,0.38517179,0.382289417,0.532608696,2981,1329,5.400362319,3.314214464,552,401,18,5,2,-55.19764817,-71.35388029,-0.099995739,-0.177939851,-2.196108092,-2.050397125,-0.003978457,-0.00511321,0.39673913,0.331670823,240,265,6,10,0,-25
2005,MIA,0.504332756,3300,1910,5.719237435,4.380733945,577,436,16,8,6,-19.67333785,-30.50227844,-0.034095906,-0.069959354,-0.097217516,-0.543034438,-0.000168,-0.001245492,0.40034662,0.403669725,0.541946309,3307,1772,5.548657718,3.746300211,596,473,14,9,3,1.762781774,-57.81985557,0.002957688,-0.122240709,-0.24187066,-1.171834953,-0.000406,-0.002477452,0.434563758,0.321353066,318,317,9,7,0,1
2005,MIN,0.572953737,3154,1472,5.612099644,3.967654987,562,371,16,6,5,-30.7615243,-48.05562545,-0.054735808,-0.129529988,-0.159098111,-0.907834577,-0.000283,-0.002446993,0.419928826,0.350404313,0.56360424,3335,1858,5.892226148,4.128888889,566,450,24,4,2,-10.04685371,-33.74372502,-0.017750625,-0.074986056,-0.421559566,-0.753970518,-0.000745,-0.00167549,0.446996466,0.382222222,306,344,9,7,0,-38
2005,NE,0.593591906,4120,1520,6.94772344,3.526682135,593,431,15,6,3,97.07245142,-25.58421324,0.16369722,-0.059360124,2.403770027,-1.117299649,0.004053575,-0.002592343,0.475548061,0.392111369,0.526690391,3708,1592,6.597864769,3.737089202,562,426,11,5,1,42.62676527,-23.60840885,0.075848337,-0.0554188,0.726662437,-0.63843948,0.001292994,-0.001498684,0.434163701,0.38028169,379,338,10,6,0,41
2005,NO,0.522033898,3343,1693,5.666101695,4.059952038,590,417,24,8,5,-61.90283194,-57.60176986,-0.104920054,-0.138133741,-0.832801278,-2.017755292,-0.001411528,-0.004838742,0.411864407,0.378896882,0.542792793,2848,2163,6.414414414,4.441478439,444,487,10,8,0,25.01145881,3.212077522,0.056332114,0.006595642,0.965062342,0.844586942,0.002173564,0.001734265,0.407657658,0.394250513,235,398,3,13,0,-163
2005,NYG,0.500851789,3580,2229,6.098807496,4.898901099,587,455,17,4,2,34.16503894,12.00850263,0.058202792,0.026392313,0.545787214,0.631252112,0.000929791,0.001387367,0.434412266,0.413186813,0.531604538,3584,1662,5.808752026,3.929078014,617,423,17,12,5,-11.36129524,-47.996112,-0.018413769,-0.113465986,-1.070115551,-1.678910722,-0.001734385,-0.003969056,0.410048622,0.326241135,422,314,11,5,0,108
2005,NYJ,0.51047619,2639,1324,5.026666667,3.475065617,525,381,15,7,6,-87.42823689,-45.70112172,-0.166529975,-0.119950451,-2.806928782,-1.557640251,-0.005346531,-0.004088295,0.401904762,0.377952756,0.578411405,2750,2212,5.600814664,4.157894737,491,532,21,5,2,-14.75495309,14.71860299,-0.030050821,0.027666547,-0.963871707,-0.032779982,-0.001963079,-6.16E-05,0.450101833,0.419172932,240,355,4,12,0,-115
2005,PHI,0.509833585,3675,1447,5.559757943,4.099150142,661,353,20,8,4,-76.23543859,-40.52875499,-0.115333493,-0.114812337,-3.250145057,-0.858389275,-0.004917012,-0.002431698,0.400907716,0.371104816,0.559322034,3323,1898,6.258003766,3.842105263,531,494,17,6,1,10.61674024,-48.72017569,0.019993861,-0.098623837,-0.368889139,-1.428126689,-0.000695,-0.002890945,0.440677966,0.317813765,310,388,6,10,0,-78
2005,PIT,0.556097561,2926,2243,7.136585366,4.232075472,410,530,14,3,3,51.30740165,-11.12485164,0.125140004,-0.020990286,-0.002846446,-0.688208621,-6.94E-06,-0.001298507,0.463414634,0.401886792,0.529411765,3168,1372,5.324369748,3.447236181,595,398,15,7,5,-38.52727103,-49.60162312,-0.064751716,-0.124627194,-1.797231242,-1.756379201,-0.003020557,-0.004413013,0.410084034,0.346733668,389,258,11,5,0,131
2005,SEA,0.612774451,3457,2478,6.900199601,4.956,501,500,11,3,1,90.09422918,55.45001094,0.179828801,0.110900022,1.690887235,1.208038096,0.003375024,0.002416076,0.5249501,0.446,0.533011272,3563,1515,5.737520129,3.65060241,621,415,16,6,2,3.06843391,-64.78812345,0.004941117,-0.15611596,0.097664383,-0.935783251,0.00015727,-0.002254899,0.423510467,0.34939759,452,271,13,3,0,181
2005,SF,0.466819222,1900,1695,4.347826087,4.016587678,437,422,21,8,3,-138.1264759,-48.70176964,-0.316078892,-0.115407037,-4.059035532,-1.267853355,-0.009288411,-0.003004392,0.336384439,0.329383886,0.616144975,4429,1866,7.296540362,4.056521739,607,460,16,3,3,119.7010795,-30.41393387,0.197201119,-0.066117248,0.674738133,-0.863204414,0.001111595,-0.001876531,0.509060956,0.408695652,239,428,4,12,0,-189
2005,TB,0.579349904,2890,1843,5.52581262,4.16027088,523,443,14,5,3,-33.40795161,-26.27068095,-0.063877537,-0.059301763,-0.402057089,-0.346042808,-0.000769,-0.000781,0.414913958,0.376975169,0.542239686,2938,1512,5.772102161,3.483870968,509,434,17,8,3,-28.12552883,-74.15524084,-0.055256442,-0.17086461,-1.924646855,-1.406717037,-0.003781232,-0.003241283,0.416502947,0.322580645,300,274,11,5,0,26
2005,TEN,0.578352181,3610,1520,5.831987076,3.897435897,619,390,14,8,4,-59.70266,-53.06342866,-0.096450178,-0.136060073,-1.919573086,-1.46173194,-0.003101087,-0.003748031,0.436187399,0.356410256,0.578125,3220,1908,6.2890625,4.386206897,512,435,9,4,6,87.68012559,-35.60801432,0.171250245,-0.081857504,1.44491133,-0.783494011,0.002822092,-0.001801136,0.4765625,0.402298851,299,421,4,12,0,-122
2005,WAS,0.541910331,3108,2200,6.058479532,4.322200393,513,509,11,7,7,36.06635499,-29.68616067,0.070304786,-0.058322516,-0.055739529,-0.794879332,-0.000109,-0.001561649,0.428849903,0.388998035,0.512323944,3083,1697,5.427816901,4.210918114,568,403,16,6,5,-32.88383429,-25.15935089,-0.057894074,-0.062430151,-1.648546615,-0.953355213,-0.002902371,-0.002365646,0.399647887,0.347394541,359,293,10,6,0,66
